idna_subject,checker_type,destination,source,tested_at,session_id
thnqemehtyfe.com,AVAILABILITY,domains.list,domains.list,2001-09-04 06:03:46.569930,bef97e23eed1ccf466f8c83a
thqwivyhdpoem.com,AVAILABILITY,domains.list,domains.list,2001-09-04 06:03:46.926612,bef97e23eed1ccf466f8c83a
tjkckpytpnje.com,AVAILABILITY,domains.list,domains.list,2001-09-04 06:03:47.282983,bef97e23eed1ccf466f8c83a
tkickhhylnvm.com,AVAILABILITY,domains.list,domains.list,2001-09-04 06:03:47.632417,bef97e23eed1ccf466f8c83a
tlgvoeeuhxsd.com,AVAILABILITY,domains.list,domains.list,2001-09-04 06:03:47.973691,bef97e23eed1ccf466f8c83a
tlkhzqmrg.com,AVAILABILITY,domains.list,domains.list,2001-09-04 06:03:48.316516,bef97e23eed1ccf466f8c83a
tmfkuesmlpto.com,AVAILABILITY,domains.list,domains.list,2001-09-04 06:03:48.669882,bef97e23eed1ccf466f8c83a
tncexvzu.com,AVAILABILITY,domains.list,domains.list,2001-09-04 06:03:49.018136,bef97e23eed1ccf466f8c83a
tqcxtxglt.com,AVAILABILITY,domains.list,domains.list,2001-09-04 06:03:49.361092,bef97e23eed1ccf466f8c83a
tqdarrhactqc.com,AVAILABILITY,domains.list,domains.list,2001-09-04 06:03:49.715721,bef97e23eed1ccf466f8c83a
trclfonj.com,AVAILABILITY,domains.list,domains.list,2001-09-04 06:03:50.057130,bef97e23eed1ccf466f8c83a
trroawdnmt.com,AVAILABILITY,domains.list,domains.list,2001-09-04 06:03:50.401704,bef97e23eed1ccf466f8c83a
trwbkkxk.com,AVAILABILITY,domains.list,domains.list,2001-09-04 06:03:50.754152,bef97e23eed1ccf466f8c83a
tsaqimvbfiv.com,AVAILABILITY,domains.list,domains.list,2001-09-04 06:03:51.099891,bef97e23eed1ccf466f8c83a
tummiarunzpf.com,AVAILABILITY,domains.list,domains.list,2001-09-04 06:03:51.459650,bef97e23eed1ccf466f8c83a
tuwuyppwdj.com,AVAILABILITY,domains.list,domains.list,2001-09-04 06:03:51.810678,bef97e23eed1ccf466f8c83a
tuxbpnne.com,AVAILABILITY,domains.list,domains.list,2001-09-04 06:03:52.156792,bef97e23eed1ccf466f8c83a
tvduznfdgim.com,AVAILABILITY,domains.list,domains.list,2001-09-04 06:03:52.500709,bef97e23eed1ccf466f8c83a
tvggnruvmiv.com,AVAILABILITY,domains.list,domains.list,2001-09-04 06:03:52.845499,bef97e23eed1ccf466f8c83a
tvjkilgfanpt.com,AVAILABILITY,domains.list,domains.list,2001-09-04 06:03:53.193068,bef97e23eed1ccf466f8c83a
tvlubtrxcold.com,AVAILABILITY,domains.list,domains.list,2001-09-04 06:03:53.543278,bef97e23eed1ccf466f8c83a
twfilnym.com,AVAILABILITY,domains.list,domains.list,2001-09-04 06:03:53.898673,bef97e23eed1ccf466f8c83a
ubutplho.com,AVAILABILITY,domains.list,domains.list,2001-09-04 06:03:54.268539,bef97e23eed1ccf466f8c83a
ubxnqtnnoljn.com,AVAILABILITY,domains.list,domains.list,2001-09-04 06:03:54.617928,bef97e23eed1ccf466f8c83a
ucvrtwfh.com,AVAILABILITY,domains.list,domains.list,2001-09-04 06:03:54.964182,bef97e23eed1ccf466f8c83a
uedombokwcy.com,AVAILABILITY,domains.list,domains.list,2001-09-04 06:03:55.322932,bef97e23eed1ccf466f8c83a
uescuqejoirsh.com,AVAILABILITY,domains.list,domains.list,2001-09-04 06:03:55.666108,bef97e23eed1ccf466f8c83a
uffpsmfefu.com,AVAILABILITY,domains.list,domains.list,2001-09-04 06:03:56.020618,bef97e23eed1ccf466f8c83a
ugqdykbxe.com,AVAILABILITY,domains.list,domains.list,2001-09-04 06:03:56.364257,bef97e23eed1ccf466f8c83a
uigruwtql.com,AVAILABILITY,domains.list,domains.list,2001-09-04 06:03:56.712255,bef97e23eed1ccf466f8c83a
uimrnhpei.com,AVAILABILITY,domains.list,domains.list,2001-09-04 06:03:57.071727,bef97e23eed1ccf466f8c83a
ujesnwjqowcru.com,AVAILABILITY,domains.list,domains.list,2001-09-04 06:03:57.417745,bef97e23eed1ccf466f8c83a
ujpbruxewv.com,AVAILABILITY,domains.list,domains.list,2001-09-04 06:03:57.762210,bef97e23eed1ccf466f8c83a
ujuqvalvvvof.com,AVAILABILITY,domains.list,domains.list,2001-09-04 06:03:58.110607,bef97e23eed1ccf466f8c83a
ujxogbsw.com,AVAILABILITY,domains.list,domains.list,2001-09-04 06:03:58.462522,bef97e23eed1ccf466f8c83a
ukvjkqhmkowc.com,AVAILABILITY,domains.list,domains.list,2001-09-04 06:03:58.806461,bef97e23eed1ccf466f8c83a
ukyyjicbqdx.com,AVAILABILITY,domains.list,domains.list,2001-09-04 06:03:59.153789,bef97e23eed1ccf466f8c83a
ulngtppm.com,AVAILABILITY,domains.list,domains.list,2001-09-04 06:03:59.506816,bef97e23eed1ccf466f8c83a
umusjdiehxbn.com,AVAILABILITY,domains.list,domains.list,2001-09-04 06:03:59.854312,bef97e23eed1ccf466f8c83a
unyhjoehc.com,AVAILABILITY,domains.list,domains.list,2001-09-04 06:04:00.206927,bef97e23eed1ccf466f8c83a
uoijjkkkc.com,AVAILABILITY,domains.list,domains.list,2001-09-04 06:04:00.559218,bef97e23eed1ccf466f8c83a
uopvdbudoe.com,AVAILABILITY,domains.list,domains.list,2001-09-04 06:04:00.905458,bef97e23eed1ccf466f8c83a
upwwwuon.com,AVAILABILITY,domains.list,domains.list,2001-09-04 06:04:01.256381,bef97e23eed1ccf466f8c83a
usahacmyhl.com,AVAILABILITY,domains.list,domains.list,2001-09-04 06:04:01.606799,bef97e23eed1ccf466f8c83a
usxobxnmmaix.com,AVAILABILITY,domains.list,domains.list,2001-09-04 06:04:01.955971,bef97e23eed1ccf466f8c83a
utfusckgnj.com,AVAILABILITY,domains.list,domains.list,2001-09-04 06:04:02.318143,bef97e23eed1ccf466f8c83a
utpgxaylxurhbc.com,AVAILABILITY,domains.list,domains.list,2001-09-04 06:04:02.670722,bef97e23eed1ccf466f8c83a
utrfixbusce.com,AVAILABILITY,domains.list,domains.list,2001-09-04 06:04:03.025660,bef97e23eed1ccf466f8c83a
uuaajohul.com,AVAILABILITY,domains.list,domains.list,2001-09-04 06:04:03.373184,bef97e23eed1ccf466f8c83a
uufbvpidyn.com,AVAILABILITY,domains.list,domains.list,2001-09-04 06:04:03.728879,bef97e23eed1ccf466f8c83a
uujdthyg.com,AVAILABILITY,domains.list,domains.list,2001-09-04 06:04:04.082054,bef97e23eed1ccf466f8c83a
uulvtpbx.com,AVAILABILITY,domains.list,domains.list,2001-09-04 06:04:04.438086,bef97e23eed1ccf466f8c83a
uusftafycvolbk.com,AVAILABILITY,domains.list,domains.list,2001-09-04 06:04:04.787162,bef97e23eed1ccf466f8c83a
uvokouvtrr.com,AVAILABILITY,domains.list,domains.list,2001-09-04 06:04:05.138494,bef97e23eed1ccf466f8c83a
uvscqwzysqm.com,AVAILABILITY,domains.list,domains.list,2001-09-04 06:04:05.480722,bef97e23eed1ccf466f8c83a
uwdtibwk.com,AVAILABILITY,domains.list,domains.list,2001-09-04 06:04:05.827402,bef97e23eed1ccf466f8c83a
uwtafumi.com,AVAILABILITY,domains.list,domains.list,2001-09-04 06:04:06.172836,bef97e23eed1ccf466f8c83a
uwyxmjfqlvhqoy.com,AVAILABILITY,domains.list,domains.list,2001-09-04 06:04:06.524373,bef97e23eed1ccf466f8c83a
uxideepwawz.com,AVAILABILITY,domains.list,domains.list,2001-09-04 06:04:06.877728,bef97e23eed1ccf466f8c83a
vasfxpribls.com,AVAILABILITY,domains.list,domains.list,2001-09-04 06:04:07.230363,bef97e23eed1ccf466f8c83a
vcfnspbgztl.com,AVAILABILITY,domains.list,domains.list,2001-09-04 06:04:07.569860,bef97e23eed1ccf466f8c83a
vcwrigdrnh.com,AVAILABILITY,domains.list,domains.list,2001-09-04 06:04:07.925268,bef97e23eed1ccf466f8c83a
veehdmymwvvexv.com,AVAILABILITY,domains.list,domains.list,2001-09-04 06:04:08.287660,bef97e23eed1ccf466f8c83a
vfbvcshnc.com,AVAILABILITY,domains.list,domains.list,2001-09-04 06:04:08.636904,bef97e23eed1ccf466f8c83a
vfsirfnosdx.com,AVAILABILITY,domains.list,domains.list,2001-09-04 06:04:08.988474,bef97e23eed1ccf466f8c83a
vfvdsati.com,AVAILABILITY,domains.list,domains.list,2001-09-04 06:04:09.346009,bef97e23eed1ccf466f8c83a
vhktunniggbd.com,AVAILABILITY,domains.list,domains.list,2001-09-04 06:04:09.693927,bef97e23eed1ccf466f8c83a
vhtadetq.com,AVAILABILITY,domains.list,domains.list,2001-09-04 06:04:10.048188,bef97e23eed1ccf466f8c83a
vjsticdegj.com,AVAILABILITY,domains.list,domains.list,2001-09-04 06:04:10.389760,bef97e23eed1ccf466f8c83a
vjsxvihazrwypb.com,AVAILABILITY,domains.list,domains.list,2001-09-04 06:04:10.752439,bef97e23eed1ccf466f8c83a
vjuvorqe.com,AVAILABILITY,domains.list,domains.list,2001-09-04 06:04:11.096586,bef97e23eed1ccf466f8c83a
vksmmvykm.com,AVAILABILITY,domains.list,domains.list,2001-09-04 06:04:11.440485,bef97e23eed1ccf466f8c83a
vlnwqiloadoqt.com,AVAILABILITY,domains.list,domains.list,2001-09-04 06:04:11.786602,bef97e23eed1ccf466f8c83a
vltxcrkyxtv.com,AVAILABILITY,domains.list,domains.list,2001-09-04 06:04:12.136545,bef97e23eed1ccf466f8c83a
vmhzvqzx.com,AVAILABILITY,domains.list,domains.list,2001-09-04 06:04:12.479531,bef97e23eed1ccf466f8c83a
vmraahnmspzy.com,AVAILABILITY,domains.list,domains.list,2001-09-04 06:04:12.827492,bef97e23eed1ccf466f8c83a
vonvthodzhxz.com,AVAILABILITY,domains.list,domains.list,2001-09-04 06:04:13.182631,bef97e23eed1ccf466f8c83a
vptggenzv.com,AVAILABILITY,domains.list,domains.list,2001-09-04 06:04:13.526116,bef97e23eed1ccf466f8c83a
vpwlynobnnqg.com,AVAILABILITY,domains.list,domains.list,2001-09-04 06:04:13.892980,bef97e23eed1ccf466f8c83a
vqaizaukh.com,AVAILABILITY,domains.list,domains.list,2001-09-04 06:04:14.252492,bef97e23eed1ccf466f8c83a
vriwjpzvh.com,AVAILABILITY,domains.list,domains.list,2001-09-04 06:04:14.597328,bef97e23eed1ccf466f8c83a
vrsngcuwiiiho.com,AVAILABILITY,domains.list,domains.list,2001-09-04 06:04:14.952177,bef97e23eed1ccf466f8c83a
vskqupvddkko.com,AVAILABILITY,domains.list,domains.list,2001-09-04 06:04:15.300128,bef97e23eed1ccf466f8c83a
vtfdfdldethe.com,AVAILABILITY,domains.list,domains.list,2001-09-04 06:04:15.645215,bef97e23eed1ccf466f8c83a
vuwcudzzyxn.com,AVAILABILITY,domains.list,domains.list,2001-09-04 06:04:15.999924,bef97e23eed1ccf466f8c83a
vvnmwfnpkat.com,AVAILABILITY,domains.list,domains.list,2001-09-04 06:04:16.339223,bef97e23eed1ccf466f8c83a
vwuyuahqf.com,AVAILABILITY,domains.list,domains.list,2001-09-04 06:04:16.693304,bef97e23eed1ccf466f8c83a
vxrpmslex.com,AVAILABILITY,domains.list,domains.list,2001-09-04 06:04:17.040601,bef97e23eed1ccf466f8c83a
vzcljugmtuno.com,AVAILABILITY,domains.list,domains.list,2001-09-04 06:04:17.382888,bef97e23eed1ccf466f8c83a
vzsuiuamhuozw.com,AVAILABILITY,domains.list,domains.list,2001-09-04 06:04:17.729311,bef97e23eed1ccf466f8c83a
wawpklaws.com,AVAILABILITY,domains.list,domains.list,2001-09-04 06:04:18.075447,bef97e23eed1ccf466f8c83a
wclkmumbolsmqd.com,AVAILABILITY,domains.list,domains.list,2001-09-04 06:04:18.422068,bef97e23eed1ccf466f8c83a
wcpkhkyuzp.com,AVAILABILITY,domains.list,domains.list,2001-09-04 06:04:18.763636,bef97e23eed1ccf466f8c83a
wcyrjlszoo.com,AVAILABILITY,domains.list,domains.list,2001-09-04 06:04:19.117480,bef97e23eed1ccf466f8c83a
weuztuwxue.com,AVAILABILITY,domains.list,domains.list,2001-09-04 06:04:19.464210,bef97e23eed1ccf466f8c83a
wgaycnmfz.com,AVAILABILITY,domains.list,domains.list,2001-09-04 06:04:19.808618,bef97e23eed1ccf466f8c83a
wgimuuqvlumvyy.com,AVAILABILITY,domains.list,domains.list,2001-09-04 06:04:20.157817,bef97e23eed1ccf466f8c83a
wgpsethooknqv.com,AVAILABILITY,domains.list,domains.list,2001-09-04 06:04:20.499894,bef97e23eed1ccf466f8c83a
wgpsjcpdulptl.com,AVAILABILITY,domains.list,domains.list,2001-09-04 06:04:20.844192,bef97e23eed1ccf466f8c83a
wgwguxqij.com,AVAILABILITY,domains.list,domains.list,2001-09-04 06:04:21.185017,bef97e23eed1ccf466f8c83a
wgxuexjrvo.com,AVAILABILITY,domains.list,domains.list,2001-09-04 06:04:21.528622,bef97e23eed1ccf466f8c83a
whdzxabhqsdnlc.com,AVAILABILITY,domains.list,domains.list,2001-09-04 06:04:21.874418,bef97e23eed1ccf466f8c83a
wlnxskclqr.com,AVAILABILITY,domains.list,domains.list,2001-09-04 06:04:22.235347,bef97e23eed1ccf466f8c83a
wlzdghlzjewbwv.com,AVAILABILITY,domains.list,domains.list,2001-09-04 06:04:22.596484,bef97e23eed1ccf466f8c83a
wmniqkqrr.com,AVAILABILITY,domains.list,domains.list,2001-09-04 06:04:22.945667,bef97e23eed1ccf466f8c83a
wnfjzjmc.com,AVAILABILITY,domains.list,domains.list,2001-09-04 06:04:23.313709,bef97e23eed1ccf466f8c83a
woymebsi.com,AVAILABILITY,domains.list,domains.list,2001-09-04 06:04:23.665608,bef97e23eed1ccf466f8c83a
wrdbknbczcf.com,AVAILABILITY,domains.list,domains.list,2001-09-04 06:04:24.017110,bef97e23eed1ccf466f8c83a
wredmtmvkjbg.com,AVAILABILITY,domains.list,domains.list,2001-09-04 06:04:24.373902,bef97e23eed1ccf466f8c83a
wstvcgfkvc.com,AVAILABILITY,domains.list,domains.list,2001-09-04 06:04:24.717488,bef97e23eed1ccf466f8c83a
wudraqvw.com,AVAILABILITY,domains.list,domains.list,2001-09-04 06:04:25.066900,bef97e23eed1ccf466f8c83a
wwrpfevyca.com,AVAILABILITY,domains.list,domains.list,2001-09-04 06:04:25.418706,bef97e23eed1ccf466f8c83a
wxbrdppfpr.com,AVAILABILITY,domains.list,domains.list,2001-09-04 06:04:25.759157,bef97e23eed1ccf466f8c83a
wxspfkln.com,AVAILABILITY,domains.list,domains.list,2001-09-04 06:04:26.109806,bef97e23eed1ccf466f8c83a
wynzuadujkd.com,AVAILABILITY,domains.list,domains.list,2001-09-04 06:04:26.458473,bef97e23eed1ccf466f8c83a
wzxdsgnqpnu.com,AVAILABILITY,domains.list,domains.list,2001-09-04 06:04:26.810508,bef97e23eed1ccf466f8c83a
xackxqdn.com,AVAILABILITY,domains.list,domains.list,2001-09-04 06:04:27.161048,bef97e23eed1ccf466f8c83a
xgctdamahrzy.com,AVAILABILITY,domains.list,domains.list,2001-09-04 06:04:27.513850,bef97e23eed1ccf466f8c83a
xgfugivkvkak.com,AVAILABILITY,domains.list,domains.list,2001-09-04 06:04:27.868954,bef97e23eed1ccf466f8c83a
xgipqvffxrgs.com,AVAILABILITY,domains.list,domains.list,2001-09-04 06:04:28.219925,bef97e23eed1ccf466f8c83a
xhjtggrtkzo.com,AVAILABILITY,domains.list,domains.list,2001-09-04 06:04:28.565811,bef97e23eed1ccf466f8c83a
xhkuhzqvtcadz.com,AVAILABILITY,domains.list,domains.list,2001-09-04 06:04:28.911005,bef97e23eed1ccf466f8c83a
xjqbftcstq.com,AVAILABILITY,domains.list,domains.list,2001-09-04 06:04:29.272644,bef97e23eed1ccf466f8c83a
xkxddhpx.com,AVAILABILITY,domains.list,domains.list,2001-09-04 06:04:29.632577,bef97e23eed1ccf466f8c83a
xkzrbaexyrds.com,AVAILABILITY,domains.list,domains.list,2001-09-04 06:04:29.992624,bef97e23eed1ccf466f8c83a
xmdwlpwvzt.com,AVAILABILITY,domains.list,domains.list,2001-09-04 06:04:30.343394,bef97e23eed1ccf466f8c83a
xncyiwbwfuqx.com,AVAILABILITY,domains.list,domains.list,2001-09-04 06:04:30.689295,bef97e23eed1ccf466f8c83a
xnfdvmzb.com,AVAILABILITY,domains.list,domains.list,2001-09-04 06:04:31.040160,bef97e23eed1ccf466f8c83a
xoassxowovsrk.com,AVAILABILITY,domains.list,domains.list,2001-09-04 06:04:31.406339,bef97e23eed1ccf466f8c83a
xogvagdtgehxm.com,AVAILABILITY,domains.list,domains.list,2001-09-04 06:04:31.774256,bef97e23eed1ccf466f8c83a
xpigohyzfdcgp.com,AVAILABILITY,domains.list,domains.list,2001-09-04 06:04:32.130758,bef97e23eed1ccf466f8c83a
xptslcoedn.com,AVAILABILITY,domains.list,domains.list,2001-09-04 06:04:32.477680,bef97e23eed1ccf466f8c83a
xpwwqbkezdr.com,AVAILABILITY,domains.list,domains.list,2001-09-04 06:04:32.824298,bef97e23eed1ccf466f8c83a
xpyyrkwpcpwf.com,AVAILABILITY,domains.list,domains.list,2001-09-04 06:04:33.174068,bef97e23eed1ccf466f8c83a
xpzdvubwncvi.com,AVAILABILITY,domains.list,domains.list,2001-09-04 06:04:33.526171,bef97e23eed1ccf466f8c83a
xqbervetkiq.com,AVAILABILITY,domains.list,domains.list,2001-09-04 06:04:33.871263,bef97e23eed1ccf466f8c83a
xrbmomiow.com,AVAILABILITY,domains.list,domains.list,2001-09-04 06:04:34.230915,bef97e23eed1ccf466f8c83a
xsxvxqtdppippq.com,AVAILABILITY,domains.list,domains.list,2001-09-04 06:04:34.568958,bef97e23eed1ccf466f8c83a
xtjmmnjr.com,AVAILABILITY,domains.list,domains.list,2001-09-04 06:04:34.913913,bef97e23eed1ccf466f8c83a
xunkhuczqnuf.com,AVAILABILITY,domains.list,domains.list,2001-09-04 06:04:35.262286,bef97e23eed1ccf466f8c83a
xvwebllndr.com,AVAILABILITY,domains.list,domains.list,2001-09-04 06:04:35.622146,bef97e23eed1ccf466f8c83a
yajeaumd.com,AVAILABILITY,domains.list,domains.list,2001-09-04 06:04:35.969440,bef97e23eed1ccf466f8c83a
yauatoyuhdb.com,AVAILABILITY,domains.list,domains.list,2001-09-04 06:04:36.324506,bef97e23eed1ccf466f8c83a
ycxtpbfcsl.com,AVAILABILITY,domains.list,domains.list,2001-09-04 06:04:36.673333,bef97e23eed1ccf466f8c83a
ydlwrwbjosjycn.com,AVAILABILITY,domains.list,domains.list,2001-09-04 06:04:37.023182,bef97e23eed1ccf466f8c83a
ydtqlmsvocjp.com,AVAILABILITY,domains.list,domains.list,2001-09-04 06:04:37.381774,bef97e23eed1ccf466f8c83a
yeegsxcwbnn.com,AVAILABILITY,domains.list,domains.list,2001-09-04 06:04:37.742683,bef97e23eed1ccf466f8c83a
yemdmtwnpspgy.com,AVAILABILITY,domains.list,domains.list,2001-09-04 06:04:38.085617,bef97e23eed1ccf466f8c83a
yfibjzosrqrtmv.com,AVAILABILITY,domains.list,domains.list,2001-09-04 06:04:38.431304,bef97e23eed1ccf466f8c83a
yguuoibdsscki.com,AVAILABILITY,domains.list,domains.list,2001-09-04 06:04:38.776177,bef97e23eed1ccf466f8c83a
ygzkedoxwhqlzp.com,AVAILABILITY,domains.list,domains.list,2001-09-04 06:04:39.127508,bef97e23eed1ccf466f8c83a
yivzznzrujt.com,AVAILABILITY,domains.list,domains.list,2001-09-04 06:04:39.472000,bef97e23eed1ccf466f8c83a
yjnqrbfnocy.com,AVAILABILITY,domains.list,domains.list,2001-09-04 06:04:39.810255,bef97e23eed1ccf466f8c83a
yksjurzq.com,AVAILABILITY,domains.list,domains.list,2001-09-04 06:04:40.162311,bef97e23eed1ccf466f8c83a
ylqbiljjlyq.com,AVAILABILITY,domains.list,domains.list,2001-09-04 06:04:40.507690,bef97e23eed1ccf466f8c83a
ymzrrizntbhde.com,AVAILABILITY,domains.list,domains.list,2001-09-04 06:04:40.852483,bef97e23eed1ccf466f8c83a
ynpypyqwu.com,AVAILABILITY,domains.list,domains.list,2001-09-04 06:04:41.190020,bef97e23eed1ccf466f8c83a
yoqpnkhl.com,AVAILABILITY,domains.list,domains.list,2001-09-04 06:04:41.542200,bef97e23eed1ccf466f8c83a
yqmmjmjxdigdak.com,AVAILABILITY,domains.list,domains.list,2001-09-04 06:04:41.886577,bef97e23eed1ccf466f8c83a
ytwisqvoiugzb.com,AVAILABILITY,domains.list,domains.list,2001-09-04 06:04:42.238794,bef97e23eed1ccf466f8c83a
yvussztn.com,AVAILABILITY,domains.list,domains.list,2001-09-04 06:04:42.591430,bef97e23eed1ccf466f8c83a
yvysgncv.com,AVAILABILITY,domains.list,domains.list,2001-09-04 06:04:42.935857,bef97e23eed1ccf466f8c83a
yyxrezickph.com,AVAILABILITY,domains.list,domains.list,2001-09-04 06:04:43.282832,bef97e23eed1ccf466f8c83a
zayhipbcxig.com,AVAILABILITY,domains.list,domains.list,2001-09-04 06:04:43.629230,bef97e23eed1ccf466f8c83a
zdajdudqfq.com,AVAILABILITY,domains.list,domains.list,2001-09-04 06:04:43.983749,bef97e23eed1ccf466f8c83a
zekcgykv.com,AVAILABILITY,domains.list,domains.list,2001-09-04 06:04:44.336439,bef97e23eed1ccf466f8c83a
zeqtblok.com,AVAILABILITY,domains.list,domains.list,2001-09-04 06:04:44.678148,bef97e23eed1ccf466f8c83a
zfvadntnx.com,AVAILABILITY,domains.list,domains.list,2001-09-04 06:04:45.023903,bef97e23eed1ccf466f8c83a
zjkypuacaawx.com,AVAILABILITY,domains.list,domains.list,2001-09-04 06:04:45.365816,bef97e23eed1ccf466f8c83a
zjllvkfa.com,AVAILABILITY,domains.list,domains.list,2001-09-04 06:04:45.710881,bef97e23eed1ccf466f8c83a
zjqymhsk.com,AVAILABILITY,domains.list,domains.list,2001-09-04 06:04:46.055999,bef97e23eed1ccf466f8c83a
zlfgedpuxrbpgm.com,AVAILABILITY,domains.list,domains.list,2001-09-04 06:04:46.401827,bef97e23eed1ccf466f8c83a
zllanqoglad.com,AVAILABILITY,domains.list,domains.list,2001-09-04 06:04:46.749801,bef97e23eed1ccf466f8c83a
zlluzejac.com,AVAILABILITY,domains.list,domains.list,2001-09-04 06:04:47.110182,bef97e23eed1ccf466f8c83a
zmhwglwmi.com,AVAILABILITY,domains.list,domains.list,2001-09-04 06:04:47.475106,bef97e23eed1ccf466f8c83a
znnzwdgu.com,AVAILABILITY,domains.list,domains.list,2001-09-04 06:04:47.821903,bef97e23eed1ccf466f8c83a
zoeysqyx.com,AVAILABILITY,domains.list,domains.list,2001-09-04 06:04:48.163478,bef97e23eed1ccf466f8c83a
zpaanftgs.com,AVAILABILITY,domains.list,domains.list,2001-09-04 06:04:48.514305,bef97e23eed1ccf466f8c83a
zpjkvuyqxu.com,AVAILABILITY,domains.list,domains.list,2001-09-04 06:04:48.861172,bef97e23eed1ccf466f8c83a
zpwqnicvzi.com,AVAILABILITY,domains.list,domains.list,2001-09-04 06:04:49.212201,bef97e23eed1ccf466f8c83a
zqiknimzmcoedq.com,AVAILABILITY,domains.list,domains.list,2001-09-04 06:04:49.561202,bef97e23eed1ccf466f8c83a
zqmnjxpavnpe.com,AVAILABILITY,domains.list,domains.list,2001-09-04 06:04:49.912888,bef97e23eed1ccf466f8c83a
zqnfvoucjscjmq.com,AVAILABILITY,domains.list,domains.list,2001-09-04 06:04:50.269111,bef97e23eed1ccf466f8c83a
zqydozajw.com,AVAILABILITY,domains.list,domains.list,2001-09-04 06:04:50.614278,bef97e23eed1ccf466f8c83a
zqzuiomba.com,AVAILABILITY,domains.list,domains.list,2001-09-04 06:04:50.960031,bef97e23eed1ccf466f8c83a
zraytmsjhzv.com,AVAILABILITY,domains.list,domains.list,2001-09-04 06:04:51.313552,bef97e23eed1ccf466f8c83a
zronsunopja.com,AVAILABILITY,domains.list,domains.list,2001-09-04 06:04:51.657435,bef97e23eed1ccf466f8c83a
zrosbqwecw.com,AVAILABILITY,domains.list,domains.list,2001-09-04 06:04:51.997422,bef97e23eed1ccf466f8c83a
zrvnhlwypqpwjw.com,AVAILABILITY,domains.list,domains.list,2001-09-04 06:04:52.349648,bef97e23eed1ccf466f8c83a
zshbpcqbm.com,AVAILABILITY,domains.list,domains.list,2001-09-04 06:04:52.691642,bef97e23eed1ccf466f8c83a
zsxqjjobfb.com,AVAILABILITY,domains.list,domains.list,2001-09-04 06:04:53.029623,bef97e23eed1ccf466f8c83a
zvkytbjimbhk.com,AVAILABILITY,domains.list,domains.list,2001-09-04 06:04:53.368193,bef97e23eed1ccf466f8c83a
zwzfujusmwsbun.com,AVAILABILITY,domains.list,domains.list,2001-09-04 06:04:53.713531,bef97e23eed1ccf466f8c83a
zxdardwpsuf.com,AVAILABILITY,domains.list,domains.list,2001-09-04 06:04:54.054817,bef97e23eed1ccf466f8c83a
zyemabejryf.com,AVAILABILITY,domains.list,domains.list,2001-09-04 06:04:54.398214,bef97e23eed1ccf466f8c83a
zylotcosp.com,AVAILABILITY,domains.list,domains.list,2001-09-04 06:04:54.734473,bef97e23eed1ccf466f8c83a
zyrjagscswahgz.com,AVAILABILITY,domains.list,domains.list,2001-09-04 06:04:55.080782,bef97e23eed1ccf466f8c83a
zyxmnqkt.com,AVAILABILITY,domains.list,domains.list,2001-09-04 06:04:55.419520,bef97e23eed1ccf466f8c83a
zzoacwqfw.com,AVAILABILITY,domains.list,domains.list,2001-09-04 06:04:55.765530,bef97e23eed1ccf466f8c83a
zzomiuob.com,AVAILABILITY,domains.list,domains.list,2001-09-04 06:04:56.114732,bef97e23eed1ccf466f8c83a
zzvvzfiwyfq.com,AVAILABILITY,domains.list,domains.list,2001-09-04 06:04:56.458875,bef97e23eed1ccf466f8c83a
aabmxezph.com,AVAILABILITY,domains.list,domains.list,2021-09-04 06:04:58.066457,bef97e23eed1ccf466f8c83a
aagmbroxruno.com,AVAILABILITY,domains.list,domains.list,2021-09-04 06:04:59.255154,bef97e23eed1ccf466f8c83a
aamhrnptzw.com,AVAILABILITY,domains.list,domains.list,2021-09-04 06:04:59.741184,bef97e23eed1ccf466f8c83a
abonmgghehh.com,AVAILABILITY,domains.list,domains.list,2021-09-04 06:05:00.203227,bef97e23eed1ccf466f8c83a
acirtpkh.com,AVAILABILITY,domains.list,domains.list,2021-09-04 06:05:00.686102,bef97e23eed1ccf466f8c83a
acwyoynw.com,AVAILABILITY,domains.list,domains.list,2021-09-04 06:05:01.144305,bef97e23eed1ccf466f8c83a
advmaiotg.com,AVAILABILITY,domains.list,domains.list,2021-09-04 06:05:02.371238,bef97e23eed1ccf466f8c83a
aghchnfzt.com,AVAILABILITY,domains.list,domains.list,2021-09-04 06:05:02.828591,bef97e23eed1ccf466f8c83a
agiuvdbcxdirh.com,AVAILABILITY,domains.list,domains.list,2021-09-04 06:05:03.582287,bef97e23eed1ccf466f8c83a
agkxwjwutrhw.com,AVAILABILITY,domains.list,domains.list,2021-09-04 06:05:04.060512,bef97e23eed1ccf466f8c83a
agzfxovg.com,AVAILABILITY,domains.list,domains.list,2021-09-04 06:05:04.582285,bef97e23eed1ccf466f8c83a
agzlxyylf.com,AVAILABILITY,domains.list,domains.list,2021-09-04 06:05:05.069195,bef97e23eed1ccf466f8c83a
ahstrelgnh.com,AVAILABILITY,domains.list,domains.list,2021-09-04 06:05:05.509202,bef97e23eed1ccf466f8c83a
akcdinzvcenhjh.com,AVAILABILITY,domains.list,domains.list,2021-09-04 06:05:06.100410,bef97e23eed1ccf466f8c83a
amhpbhyxfgvd.com,AVAILABILITY,domains.list,domains.list,2021-09-04 06:05:06.617576,bef97e23eed1ccf466f8c83a
andvqrqaeu.com,AVAILABILITY,domains.list,domains.list,2021-09-04 06:05:07.053777,bef97e23eed1ccf466f8c83a
aodsywsxzquemt.com,AVAILABILITY,domains.list,domains.list,2021-09-04 06:05:07.493058,bef97e23eed1ccf466f8c83a
aoqvizrign.com,AVAILABILITY,domains.list,domains.list,2021-09-04 06:05:07.949373,bef97e23eed1ccf466f8c83a
aowmaijlvxdcs.com,AVAILABILITY,domains.list,domains.list,2021-09-04 06:05:08.440033,bef97e23eed1ccf466f8c83a
aqjdigkqvmakz.com,AVAILABILITY,domains.list,domains.list,2021-09-04 06:05:09.591116,bef97e23eed1ccf466f8c83a
aqyuxcnsbfhuia.com,AVAILABILITY,domains.list,domains.list,2021-09-04 06:05:10.077270,bef97e23eed1ccf466f8c83a
arbawijlgq.com,AVAILABILITY,domains.list,domains.list,2021-09-04 06:05:10.579195,bef97e23eed1ccf466f8c83a
arccdyvgh.com,AVAILABILITY,domains.list,domains.list,2021-09-04 06:05:11.015639,bef97e23eed1ccf466f8c83a
asqpniwvxea.com,AVAILABILITY,domains.list,domains.list,2021-09-04 06:05:11.762696,bef97e23eed1ccf466f8c83a
atpqczsqjsxvln.com,AVAILABILITY,domains.list,domains.list,2021-09-04 06:05:12.255511,bef97e23eed1ccf466f8c83a
aurjueeh.com,AVAILABILITY,domains.list,domains.list,2021-09-04 06:05:12.928135,bef97e23eed1ccf466f8c83a
avmftuama.com,AVAILABILITY,domains.list,domains.list,2021-09-04 06:05:13.398739,bef97e23eed1ccf466f8c83a
awgsmfzrslcp.com,AVAILABILITY,domains.list,domains.list,2021-09-04 06:05:13.872026,bef97e23eed1ccf466f8c83a
bafwpcisfhfvma.com,AVAILABILITY,domains.list,domains.list,2021-09-04 06:05:14.363286,bef97e23eed1ccf466f8c83a
balcekonspn.com,AVAILABILITY,domains.list,domains.list,2021-09-04 06:05:15.037953,bef97e23eed1ccf466f8c83a
bavftcgoapga.com,AVAILABILITY,domains.list,domains.list,2021-09-04 06:05:15.859929,bef97e23eed1ccf466f8c83a
bbyhjamzpkenvm.com,AVAILABILITY,domains.list,domains.list,2021-09-04 06:05:16.327817,bef97e23eed1ccf466f8c83a
bdtwxreri.com,AVAILABILITY,domains.list,domains.list,2021-09-04 06:05:16.776855,bef97e23eed1ccf466f8c83a
behybmunweid.com,AVAILABILITY,domains.list,domains.list,2021-09-04 06:05:17.274743,bef97e23eed1ccf466f8c83a
bfezsiok.com,AVAILABILITY,domains.list,domains.list,2021-09-04 06:05:17.755230,bef97e23eed1ccf466f8c83a
bgkxbknajdn.com,AVAILABILITY,domains.list,domains.list,2021-09-04 06:05:18.216038,bef97e23eed1ccf466f8c83a
bgzdrgliwew.com,AVAILABILITY,domains.list,domains.list,2021-09-04 06:05:18.681331,bef97e23eed1ccf466f8c83a
bigbootymania.com,AVAILABILITY,domains.list,domains.list,2021-09-04 06:05:19.771617,bef97e23eed1ccf466f8c83a
bilrtklg.com,AVAILABILITY,domains.list,domains.list,2021-09-04 06:05:20.274004,bef97e23eed1ccf466f8c83a
bkembwdgujzp.com,AVAILABILITY,domains.list,domains.list,2021-09-04 06:05:20.859607,bef97e23eed1ccf466f8c83a
boguaokxhdsa.com,AVAILABILITY,domains.list,domains.list,2021-09-04 06:05:22.991531,bef97e23eed1ccf466f8c83a
bqqnngtpc.com,AVAILABILITY,domains.list,domains.list,2021-09-04 06:05:23.494511,bef97e23eed1ccf466f8c83a
btdciuqcsvjjt.com,AVAILABILITY,domains.list,domains.list,2021-09-04 06:05:23.964956,bef97e23eed1ccf466f8c83a
btgxicdivmtv.com,AVAILABILITY,domains.list,domains.list,2021-09-04 06:05:24.456273,bef97e23eed1ccf466f8c83a
btonzfjleinuax.com,AVAILABILITY,domains.list,domains.list,2021-09-04 06:05:24.925902,bef97e23eed1ccf466f8c83a
btovopyov.com,AVAILABILITY,domains.list,domains.list,2021-09-04 06:05:25.431449,bef97e23eed1ccf466f8c83a
bxaddbia.com,AVAILABILITY,domains.list,domains.list,2021-09-04 06:05:25.901413,bef97e23eed1ccf466f8c83a
bxmfuxxiqmw.com,AVAILABILITY,domains.list,domains.list,2021-09-04 06:05:26.354717,bef97e23eed1ccf466f8c83a
bxrjiqoajbbh.com,AVAILABILITY,domains.list,domains.list,2021-09-04 06:05:26.849716,bef97e23eed1ccf466f8c83a
byxlivaqzo.com,AVAILABILITY,domains.list,domains.list,2021-09-04 06:05:27.467735,bef97e23eed1ccf466f8c83a
bzewjpivglj.com,AVAILABILITY,domains.list,domains.list,2021-09-04 06:05:27.927082,bef97e23eed1ccf466f8c83a
bzvimexwdle.com,AVAILABILITY,domains.list,domains.list,2021-09-04 06:05:28.413993,bef97e23eed1ccf466f8c83a
bzxmgyfae.com,AVAILABILITY,domains.list,domains.list,2021-09-04 06:05:28.884179,bef97e23eed1ccf466f8c83a
cbeyywbfm.com,AVAILABILITY,domains.list,domains.list,2021-09-04 06:05:29.360804,bef97e23eed1ccf466f8c83a
cbiknyhztow.com,AVAILABILITY,domains.list,domains.list,2021-09-04 06:05:29.838768,bef97e23eed1ccf466f8c83a
ccqgkbnbpdrxf.com,AVAILABILITY,domains.list,domains.list,2021-09-04 06:05:30.301398,bef97e23eed1ccf466f8c83a
ccrkqqnxmnwlm.com,AVAILABILITY,domains.list,domains.list,2021-09-04 06:05:30.741964,bef97e23eed1ccf466f8c83a
cdbxuzzlgfhh.com,AVAILABILITY,domains.list,domains.list,2021-09-04 06:05:31.892549,bef97e23eed1ccf466f8c83a
ceoillwdcc.com,AVAILABILITY,domains.list,domains.list,2021-09-04 06:05:32.603261,bef97e23eed1ccf466f8c83a
cklvpsjtbwf.com,AVAILABILITY,domains.list,domains.list,2021-09-04 06:05:33.074888,bef97e23eed1ccf466f8c83a
ckyxscaeockj.bid,AVAILABILITY,domains.list,domains.list,2021-09-04 06:05:33.560204,bef97e23eed1ccf466f8c83a
clfvfumqqok.com,AVAILABILITY,domains.list,domains.list,2021-09-04 06:05:34.025637,bef97e23eed1ccf466f8c83a
clfxjrlui.com,AVAILABILITY,domains.list,domains.list,2021-09-04 06:05:34.624013,bef97e23eed1ccf466f8c83a
clxgmlpfkoj.com,AVAILABILITY,domains.list,domains.list,2021-09-04 06:05:35.067206,bef97e23eed1ccf466f8c83a
cmebevvtjdffc.com,AVAILABILITY,domains.list,domains.list,2021-09-04 06:05:35.534166,bef97e23eed1ccf466f8c83a
cmspoddbak.com,AVAILABILITY,domains.list,domains.list,2021-09-04 06:05:35.984219,bef97e23eed1ccf466f8c83a
cngxkybnoawhxt.com,AVAILABILITY,domains.list,domains.list,2021-09-04 06:05:36.457281,bef97e23eed1ccf466f8c83a
cqubxammwgoplo.com,AVAILABILITY,domains.list,domains.list,2021-09-04 06:05:36.936107,bef97e23eed1ccf466f8c83a
csiasvapqrccq.com,AVAILABILITY,domains.list,domains.list,2021-09-04 06:05:37.591582,bef97e23eed1ccf466f8c83a
ctdhylltfighs.com,AVAILABILITY,domains.list,domains.list,2021-09-04 06:05:38.182189,bef97e23eed1ccf466f8c83a
cumgfzvm.com,AVAILABILITY,domains.list,domains.list,2021-09-04 06:05:38.673385,bef97e23eed1ccf466f8c83a
cupzwcxgx.com,AVAILABILITY,domains.list,domains.list,2021-09-04 06:05:39.225057,bef97e23eed1ccf466f8c83a
cvlqivkartyki.com,AVAILABILITY,domains.list,domains.list,2021-09-04 06:05:39.691928,bef97e23eed1ccf466f8c83a
czgeitdowtlv.com,AVAILABILITY,domains.list,domains.list,2021-09-04 06:05:40.552782,bef97e23eed1ccf466f8c83a
dccqzsmabz.com,AVAILABILITY,domains.list,domains.list,2021-09-04 06:05:41.058290,bef97e23eed1ccf466f8c83a
dcxitlzzmyxbwn.com,AVAILABILITY,domains.list,domains.list,2021-09-04 06:05:41.528581,bef97e23eed1ccf466f8c83a
dcznhkojghrl.com,AVAILABILITY,domains.list,domains.list,2021-09-04 06:05:41.994700,bef97e23eed1ccf466f8c83a
ddivuwlehkijd.com,AVAILABILITY,domains.list,domains.list,2021-09-04 06:05:42.454483,bef97e23eed1ccf466f8c83a
ddnmzrpp.com,AVAILABILITY,domains.list,domains.list,2021-09-04 06:05:42.932458,bef97e23eed1ccf466f8c83a
ddvqjnbt.com,AVAILABILITY,domains.list,domains.list,2021-09-04 06:05:43.415771,bef97e23eed1ccf466f8c83a
dewgnvonohak.com,AVAILABILITY,domains.list,domains.list,2021-09-04 06:05:43.873228,bef97e23eed1ccf466f8c83a
dfdjilnzqgtow.com,AVAILABILITY,domains.list,domains.list,2021-09-04 06:05:44.532490,bef97e23eed1ccf466f8c83a
dgfufcaxzdzenb.com,AVAILABILITY,domains.list,domains.list,2021-09-04 06:05:45.038789,bef97e23eed1ccf466f8c83a
dkmdklhu.com,AVAILABILITY,domains.list,domains.list,2021-09-04 06:06:05.634747,bef97e23eed1ccf466f8c83a
dlfxsmbetx.com,AVAILABILITY,domains.list,domains.list,2021-09-04 06:06:06.117894,bef97e23eed1ccf466f8c83a
dogwuyrspt.com,AVAILABILITY,domains.list,domains.list,2021-09-04 06:06:06.732954,bef97e23eed1ccf466f8c83a
dpallyihgtgu.com,AVAILABILITY,domains.list,domains.list,2021-09-04 06:06:07.300719,bef97e23eed1ccf466f8c83a
dpsqqaaqbc.com,AVAILABILITY,domains.list,domains.list,2021-09-04 06:06:07.888685,bef97e23eed1ccf466f8c83a
dtcpdvnojquf.com,AVAILABILITY,domains.list,domains.list,2021-09-04 06:06:08.367915,bef97e23eed1ccf466f8c83a
duwomuonxosyjf.com,AVAILABILITY,domains.list,domains.list,2021-09-04 06:06:08.849818,bef97e23eed1ccf466f8c83a
dvvkdxejwh.com,AVAILABILITY,domains.list,domains.list,2021-09-04 06:06:09.312198,bef97e23eed1ccf466f8c83a
dxnglrimuuucmr.com,AVAILABILITY,domains.list,domains.list,2021-09-04 06:06:10.101773,bef97e23eed1ccf466f8c83a
eabyvnmt.com,AVAILABILITY,domains.list,domains.list,2021-09-04 06:06:10.577349,bef97e23eed1ccf466f8c83a
ebqpycaosuok.com,AVAILABILITY,domains.list,domains.list,2021-09-04 06:06:11.028869,bef97e23eed1ccf466f8c83a
ecxgfgas.com,AVAILABILITY,domains.list,domains.list,2021-09-04 06:06:11.625445,bef97e23eed1ccf466f8c83a
edrgvzhpqrdnj.com,AVAILABILITY,domains.list,domains.list,2021-09-04 06:06:12.071877,bef97e23eed1ccf466f8c83a
eebbfcwspe.com,AVAILABILITY,domains.list,domains.list,2021-09-04 06:06:12.566945,bef97e23eed1ccf466f8c83a
efojzbnh.com,AVAILABILITY,domains.list,domains.list,2021-09-04 06:06:13.073479,bef97e23eed1ccf466f8c83a
egkkeahdzjqy.com,AVAILABILITY,domains.list,domains.list,2021-09-04 06:06:13.518538,bef97e23eed1ccf466f8c83a
egmhrjxxil.com,AVAILABILITY,domains.list,domains.list,2021-09-04 06:06:13.999082,bef97e23eed1ccf466f8c83a
egxjmlqmiamm.com,AVAILABILITY,domains.list,domains.list,2021-09-04 06:06:14.492146,bef97e23eed1ccf466f8c83a
ehrfuijjltsc.com,AVAILABILITY,domains.list,domains.list,2021-09-04 06:06:14.957869,bef97e23eed1ccf466f8c83a
ejrhtmwm.com,AVAILABILITY,domains.list,domains.list,2021-09-04 06:06:15.401705,bef97e23eed1ccf466f8c83a
eklrohpahufy.com,AVAILABILITY,domains.list,domains.list,2021-09-04 06:06:15.883800,bef97e23eed1ccf466f8c83a
elmfnadgg.com,AVAILABILITY,domains.list,domains.list,2021-09-04 06:06:16.359841,bef97e23eed1ccf466f8c83a
elqsjecdav.com,AVAILABILITY,domains.list,domains.list,2021-09-04 06:06:16.829655,bef97e23eed1ccf466f8c83a
emxdnfvdnwzx.com,AVAILABILITY,domains.list,domains.list,2021-09-04 06:06:17.282952,bef97e23eed1ccf466f8c83a
emxyuehfnlssg.com,AVAILABILITY,domains.list,domains.list,2021-09-04 06:06:17.732751,bef97e23eed1ccf466f8c83a
enbvylulfg.com,AVAILABILITY,domains.list,domains.list,2021-09-04 06:06:18.214208,bef97e23eed1ccf466f8c83a
encogcfklrcpqw.com,AVAILABILITY,domains.list,domains.list,2021-09-04 06:06:19.008384,bef97e23eed1ccf466f8c83a
eooslfyhziubo.com,AVAILABILITY,domains.list,domains.list,2021-09-04 06:06:19.640272,bef97e23eed1ccf466f8c83a
epfcfhtjxqd.com,AVAILABILITY,domains.list,domains.list,2021-09-04 06:06:20.096404,bef97e23eed1ccf466f8c83a
epndtinso.com,AVAILABILITY,domains.list,domains.list,2021-09-04 06:06:20.554743,bef97e23eed1ccf466f8c83a
epnycpszmpvft.com,AVAILABILITY,domains.list,domains.list,2021-09-04 06:06:21.024695,bef97e23eed1ccf466f8c83a
epsqdbhrhqmbs.com,AVAILABILITY,domains.list,domains.list,2021-09-04 06:06:21.467560,bef97e23eed1ccf466f8c83a
eqoivockikaue.com,AVAILABILITY,domains.list,domains.list,2021-09-04 06:06:21.938056,bef97e23eed1ccf466f8c83a
esuuqqdmsuil.com,AVAILABILITY,domains.list,domains.list,2021-09-04 06:07:32.323453,bef97e23eed1ccf466f8c83a
eszkrcviokckfb.com,AVAILABILITY,domains.list,domains.list,2021-09-04 06:07:32.788785,bef97e23eed1ccf466f8c83a
eutdrjvsrmav.com,AVAILABILITY,domains.list,domains.list,2021-09-04 06:07:33.282879,bef97e23eed1ccf466f8c83a
evcknbym.com,AVAILABILITY,domains.list,domains.list,2021-09-04 06:07:33.935543,bef97e23eed1ccf466f8c83a
evgywgur.com,AVAILABILITY,domains.list,domains.list,2021-09-04 06:07:34.488636,bef97e23eed1ccf466f8c83a
evykfczgpwbvd.com,AVAILABILITY,domains.list,domains.list,2021-09-04 06:07:34.948392,bef97e23eed1ccf466f8c83a
ewitsorrgm.com,AVAILABILITY,domains.list,domains.list,2021-09-04 06:07:35.433393,bef97e23eed1ccf466f8c83a
ewzsfpskdfuip.com,AVAILABILITY,domains.list,domains.list,2021-09-04 06:07:55.958147,bef97e23eed1ccf466f8c83a
exjozegvbaresw.com,AVAILABILITY,domains.list,domains.list,2021-09-04 06:07:56.558704,bef97e23eed1ccf466f8c83a
extyoasigus.com,AVAILABILITY,domains.list,domains.list,2021-09-04 06:07:57.213720,bef97e23eed1ccf466f8c83a
exwcadanpfc.com,AVAILABILITY,domains.list,domains.list,2021-09-04 06:07:57.691045,bef97e23eed1ccf466f8c83a
farvqaxaoid.com,AVAILABILITY,domains.list,domains.list,2021-09-04 06:08:00.098994,bef97e23eed1ccf466f8c83a
fatrjjcm.com,AVAILABILITY,domains.list,domains.list,2021-09-04 06:08:00.544666,bef97e23eed1ccf466f8c83a
fbbkavxqzy.com,AVAILABILITY,domains.list,domains.list,2021-09-04 06:08:01.022991,bef97e23eed1ccf466f8c83a
fdmtoyfpjk.com,AVAILABILITY,domains.list,domains.list,2021-09-04 06:08:01.483717,bef97e23eed1ccf466f8c83a
fdxdjkswppg.com,AVAILABILITY,domains.list,domains.list,2021-09-04 06:08:01.948688,bef97e23eed1ccf466f8c83a
fehsnwiem.com,AVAILABILITY,domains.list,domains.list,2021-09-04 06:08:02.752568,bef97e23eed1ccf466f8c83a
fejwbcvvzclz.com,AVAILABILITY,domains.list,domains.list,2021-09-04 06:08:03.216475,bef97e23eed1ccf466f8c83a
ffhwzaenzoue.com,AVAILABILITY,domains.list,domains.list,2021-09-04 06:08:03.816838,bef97e23eed1ccf466f8c83a
ffkdxymyji.com,AVAILABILITY,domains.list,domains.list,2021-09-04 06:08:04.371085,bef97e23eed1ccf466f8c83a
fftpzrscirdagr.com,AVAILABILITY,domains.list,domains.list,2021-09-04 06:08:04.969182,bef97e23eed1ccf466f8c83a
fgjasshw.com,AVAILABILITY,domains.list,domains.list,2021-09-04 06:08:05.470957,bef97e23eed1ccf466f8c83a
fhluqrhmqs.com,AVAILABILITY,domains.list,domains.list,2021-09-04 06:08:05.935227,bef97e23eed1ccf466f8c83a
fhvdwhbnl.com,AVAILABILITY,domains.list,domains.list,2021-09-04 06:08:06.406869,bef97e23eed1ccf466f8c83a
fialzlpkww.com,AVAILABILITY,domains.list,domains.list,2021-09-04 06:08:06.871170,bef97e23eed1ccf466f8c83a
fiewqoyhdkdcm.com,AVAILABILITY,domains.list,domains.list,2021-09-04 06:08:07.334329,bef97e23eed1ccf466f8c83a
fkjmjybn.com,AVAILABILITY,domains.list,domains.list,2021-09-04 06:08:07.926366,bef97e23eed1ccf466f8c83a
flxnftys.com,AVAILABILITY,domains.list,domains.list,2021-09-04 06:08:08.408703,bef97e23eed1ccf466f8c83a
fmnfopknmuusgw.com,AVAILABILITY,domains.list,domains.list,2021-09-04 06:08:08.884728,bef97e23eed1ccf466f8c83a
fmxllgvfzsoz.com,AVAILABILITY,domains.list,domains.list,2021-09-04 06:08:09.344399,bef97e23eed1ccf466f8c83a
fnkyyrgraizy.com,AVAILABILITY,domains.list,domains.list,2021-09-04 06:08:09.817302,bef97e23eed1ccf466f8c83a
fnrsqrfglixpnt.com,AVAILABILITY,domains.list,domains.list,2021-09-04 06:08:10.275219,bef97e23eed1ccf466f8c83a
foogykxlqa.com,AVAILABILITY,domains.list,domains.list,2021-09-04 06:08:10.732322,bef97e23eed1ccf466f8c83a
fpguuwnpkvqsq.bid,AVAILABILITY,domains.list,domains.list,2021-09-04 06:08:11.177620,bef97e23eed1ccf466f8c83a
fqwrluzjti.com,AVAILABILITY,domains.list,domains.list,2021-09-04 06:08:11.630620,bef97e23eed1ccf466f8c83a
frbyvuxzvmqpb.com,AVAILABILITY,domains.list,domains.list,2021-09-04 06:08:12.216593,bef97e23eed1ccf466f8c83a
frhoobwj.com,AVAILABILITY,domains.list,domains.list,2021-09-04 06:08:12.714007,bef97e23eed1ccf466f8c83a
frpguidmetp.com,AVAILABILITY,domains.list,domains.list,2021-09-04 06:08:13.190837,bef97e23eed1ccf466f8c83a
frpiksdeygy.com,AVAILABILITY,domains.list,domains.list,2021-09-04 06:08:13.663275,bef97e23eed1ccf466f8c83a
frzynewnpg.com,AVAILABILITY,domains.list,domains.list,2021-09-04 06:08:14.244415,bef97e23eed1ccf466f8c83a
fsrdrurl.com,AVAILABILITY,domains.list,domains.list,2021-09-04 06:08:14.717004,bef97e23eed1ccf466f8c83a
fsvulvfqg.com,AVAILABILITY,domains.list,domains.list,2021-09-04 06:08:15.155179,bef97e23eed1ccf466f8c83a
ftkbsddgbqt.com,AVAILABILITY,domains.list,domains.list,2021-09-04 06:08:15.631915,bef97e23eed1ccf466f8c83a
fvenxjtzuaxu.com,AVAILABILITY,domains.list,domains.list,2021-09-04 06:08:16.263789,bef97e23eed1ccf466f8c83a
fviwwkvvxs.com,AVAILABILITY,domains.list,domains.list,2021-09-04 06:08:16.767638,bef97e23eed1ccf466f8c83a
fvptlxwm.com,AVAILABILITY,domains.list,domains.list,2021-09-04 06:08:17.261817,bef97e23eed1ccf466f8c83a
fwnowvgk.com,AVAILABILITY,domains.list,domains.list,2021-09-04 06:08:17.788199,bef97e23eed1ccf466f8c83a
fxwpmfdapcalu.com,AVAILABILITY,domains.list,domains.list,2021-09-04 06:08:18.243050,bef97e23eed1ccf466f8c83a
fykmahfa.com,AVAILABILITY,domains.list,domains.list,2021-09-04 06:08:56.661214,bef97e23eed1ccf466f8c83a
gbfgvzfcjfs.com,AVAILABILITY,domains.list,domains.list,2021-09-04 06:08:57.135740,bef97e23eed1ccf466f8c83a
gbwieawjiylgx.com,AVAILABILITY,domains.list,domains.list,2021-09-04 06:08:57.616011,bef97e23eed1ccf466f8c83a
gclwsuzxwiotyf.com,AVAILABILITY,domains.list,domains.list,2021-09-04 06:08:58.098027,bef97e23eed1ccf466f8c83a
gdcuixkjhnmot.com,AVAILABILITY,domains.list,domains.list,2021-09-04 06:08:58.589424,bef97e23eed1ccf466f8c83a
ghvmjvkpapct.com,AVAILABILITY,domains.list,domains.list,2021-09-04 06:08:59.077557,bef97e23eed1ccf466f8c83a
gjvuxnfwsngmux.bid,AVAILABILITY,domains.list,domains.list,2021-09-04 06:08:59.566277,bef97e23eed1ccf466f8c83a
gkgojxjucutvnt.com,AVAILABILITY,domains.list,domains.list,2021-09-04 06:09:00.242656,bef97e23eed1ccf466f8c83a
glfnjyzix.bid,AVAILABILITY,domains.list,domains.list,2021-09-04 06:09:00.834263,bef97e23eed1ccf466f8c83a
gnamwmixa.com,AVAILABILITY,domains.list,domains.list,2021-09-04 06:09:01.298456,bef97e23eed1ccf466f8c83a
gopfltvoiflf.com,AVAILABILITY,domains.list,domains.list,2021-09-04 06:09:01.790791,bef97e23eed1ccf466f8c83a
gqjyzoqme.com,AVAILABILITY,domains.list,domains.list,2021-09-04 06:09:02.272210,bef97e23eed1ccf466f8c83a
grtbzrsndrrtsb.com,AVAILABILITY,domains.list,domains.list,2021-09-04 06:09:02.839022,bef97e23eed1ccf466f8c83a
gseyriwpozfxf.com,AVAILABILITY,domains.list,domains.list,2021-09-04 06:09:03.317537,bef97e23eed1ccf466f8c83a
gsvyjunccsw.com,AVAILABILITY,domains.list,domains.list,2021-09-04 06:09:03.815926,bef97e23eed1ccf466f8c83a
gurrfwsscwda.com,AVAILABILITY,domains.list,domains.list,2021-09-04 06:09:04.611558,bef97e23eed1ccf466f8c83a
gvtawzpydsujep.com,AVAILABILITY,domains.list,domains.list,2021-09-04 06:09:05.587378,bef97e23eed1ccf466f8c83a
gwpjvfqeui.com,AVAILABILITY,domains.list,domains.list,2021-09-04 06:09:06.099517,bef97e23eed1ccf466f8c83a
gwwhheahisrtld.com,AVAILABILITY,domains.list,domains.list,2021-09-04 06:09:06.757413,bef97e23eed1ccf466f8c83a
gxmjjxyyljtyf.com,AVAILABILITY,domains.list,domains.list,2021-09-04 06:09:07.240419,bef97e23eed1ccf466f8c83a
gxordgtvjr.com,AVAILABILITY,domains.list,domains.list,2021-09-04 06:09:08.280149,bef97e23eed1ccf466f8c83a
gxqrjjcsyh.com,AVAILABILITY,domains.list,domains.list,2021-09-04 06:09:08.784410,bef97e23eed1ccf466f8c83a
gxymlqcnu.com,AVAILABILITY,domains.list,domains.list,2021-09-04 06:09:09.242666,bef97e23eed1ccf466f8c83a
gyoajmeq.com,AVAILABILITY,domains.list,domains.list,2021-09-04 06:09:09.748360,bef97e23eed1ccf466f8c83a
hanacbclbrdjon.com,AVAILABILITY,domains.list,domains.list,2021-09-04 06:09:10.226936,bef97e23eed1ccf466f8c83a
hbtzzlcxfijk.com,AVAILABILITY,domains.list,domains.list,2021-09-04 06:09:10.698109,bef97e23eed1ccf466f8c83a
hdeslibzcv.com,AVAILABILITY,domains.list,domains.list,2021-09-04 06:09:11.183880,bef97e23eed1ccf466f8c83a
hehraybryciyls.com,AVAILABILITY,domains.list,domains.list,2021-09-04 06:09:11.880200,bef97e23eed1ccf466f8c83a
hfxofvdykkmq.com,AVAILABILITY,domains.list,domains.list,2021-09-04 06:09:12.354824,bef97e23eed1ccf466f8c83a
hgyvbfmffvmho.com,AVAILABILITY,domains.list,domains.list,2021-09-04 06:09:12.861759,bef97e23eed1ccf466f8c83a
hitblnplbcfh.com,AVAILABILITY,domains.list,domains.list,2021-09-04 06:09:13.346499,bef97e23eed1ccf466f8c83a
hizvevxvi.com,AVAILABILITY,domains.list,domains.list,2021-09-04 06:09:13.986330,bef97e23eed1ccf466f8c83a
hkhotpewfxr.com,AVAILABILITY,domains.list,domains.list,2021-09-04 06:09:14.763173,bef97e23eed1ccf466f8c83a
hmbgumjgey.com,AVAILABILITY,domains.list,domains.list,2021-09-04 06:09:16.138066,bef97e23eed1ccf466f8c83a
hmecfqhj.com,AVAILABILITY,domains.list,domains.list,2021-09-04 06:09:16.601928,bef97e23eed1ccf466f8c83a
hmqzcnngnajps.com,AVAILABILITY,domains.list,domains.list,2021-09-04 06:09:17.096730,bef97e23eed1ccf466f8c83a
hnlsyandeos.com,AVAILABILITY,domains.list,domains.list,2021-09-04 06:09:17.579230,bef97e23eed1ccf466f8c83a
hnpvnnhzazkl.com,AVAILABILITY,domains.list,domains.list,2021-09-04 06:09:18.163026,bef97e23eed1ccf466f8c83a
howubdgdt.com,AVAILABILITY,domains.list,domains.list,2021-09-04 06:09:18.649973,bef97e23eed1ccf466f8c83a
hpeshwdwkzyz.com,AVAILABILITY,domains.list,domains.list,2021-09-04 06:09:19.134387,bef97e23eed1ccf466f8c83a
hskczbmm.com,AVAILABILITY,domains.list,domains.list,2021-09-04 06:09:19.641141,bef97e23eed1ccf466f8c83a
hsqbeznk.com,AVAILABILITY,domains.list,domains.list,2021-09-04 06:09:20.104280,bef97e23eed1ccf466f8c83a
hsqujerwg.com,AVAILABILITY,domains.list,domains.list,2021-09-04 06:09:20.558539,bef97e23eed1ccf466f8c83a
hubvotrpjios.com,AVAILABILITY,domains.list,domains.list,2021-09-04 06:09:21.317936,bef97e23eed1ccf466f8c83a
huhkfzino.com,AVAILABILITY,domains.list,domains.list,2021-09-04 06:09:21.790823,bef97e23eed1ccf466f8c83a
humpqretttg.com,AVAILABILITY,domains.list,domains.list,2021-09-04 06:09:22.269826,bef97e23eed1ccf466f8c83a
hvfzshrpfueb.com,AVAILABILITY,domains.list,domains.list,2021-09-04 06:09:23.033929,bef97e23eed1ccf466f8c83a
hxbvxmyldlt.com,AVAILABILITY,domains.list,domains.list,2021-09-04 06:09:23.498599,bef97e23eed1ccf466f8c83a
hxnamjcrawpe.com,AVAILABILITY,domains.list,domains.list,2021-09-04 06:09:23.986096,bef97e23eed1ccf466f8c83a
hxwgfumgg.com,AVAILABILITY,domains.list,domains.list,2021-09-04 06:09:24.484130,bef97e23eed1ccf466f8c83a
hysyqgbls.com,AVAILABILITY,domains.list,domains.list,2021-09-04 06:09:24.985714,bef97e23eed1ccf466f8c83a
hzkachqd.com,AVAILABILITY,domains.list,domains.list,2021-09-04 06:09:25.456023,bef97e23eed1ccf466f8c83a
hzlsghfoqsvawe.com,AVAILABILITY,domains.list,domains.list,2021-09-04 06:09:25.949880,bef97e23eed1ccf466f8c83a
hzzevwlmjji.com,AVAILABILITY,domains.list,domains.list,2021-09-04 06:09:26.472014,bef97e23eed1ccf466f8c83a
iafjzbzqdgxq.com,AVAILABILITY,domains.list,domains.list,2021-09-04 06:09:26.943358,bef97e23eed1ccf466f8c83a
ibbkuhwgqawhvt.com,AVAILABILITY,domains.list,domains.list,2021-09-04 06:09:27.500925,bef97e23eed1ccf466f8c83a
ibkbshqqueoij.com,AVAILABILITY,domains.list,domains.list,2021-09-04 06:09:27.998591,bef97e23eed1ccf466f8c83a
ibtfbbtjktu.com,AVAILABILITY,domains.list,domains.list,2021-09-04 06:09:28.468814,bef97e23eed1ccf466f8c83a
iclbkrgjdstqt.com,AVAILABILITY,domains.list,domains.list,2021-09-04 06:09:28.953115,bef97e23eed1ccf466f8c83a
icmlfqdb.com,AVAILABILITY,domains.list,domains.list,2021-09-04 06:09:29.660375,bef97e23eed1ccf466f8c83a
ifeuddaywa.com,AVAILABILITY,domains.list,domains.list,2021-09-04 06:09:30.291222,bef97e23eed1ccf466f8c83a
ihjtrncfoha.com,AVAILABILITY,domains.list,domains.list,2021-09-04 06:09:30.832047,bef97e23eed1ccf466f8c83a
iiripeedqfj.com,AVAILABILITY,domains.list,domains.list,2021-09-04 06:09:31.320469,bef97e23eed1ccf466f8c83a
iixecczxqzy.com,AVAILABILITY,domains.list,domains.list,2021-09-04 06:09:31.938422,bef97e23eed1ccf466f8c83a
ikealcmavhpk.com,AVAILABILITY,domains.list,domains.list,2021-09-04 06:09:52.460526,bef97e23eed1ccf466f8c83a
ikxgvhdw.com,AVAILABILITY,domains.list,domains.list,2021-09-04 06:09:52.921806,bef97e23eed1ccf466f8c83a
ilepioexi.com,AVAILABILITY,domains.list,domains.list,2021-09-04 06:09:53.392990,bef97e23eed1ccf466f8c83a
illazkka.com,AVAILABILITY,domains.list,domains.list,2021-09-04 06:09:54.432895,bef97e23eed1ccf466f8c83a
inityhntee.com,AVAILABILITY,domains.list,domains.list,2021-09-04 06:09:54.924994,bef97e23eed1ccf466f8c83a
inmrjokdxmkh.com,AVAILABILITY,domains.list,domains.list,2021-09-04 06:09:57.039556,bef97e23eed1ccf466f8c83a
inwatrrcziyuet.com,AVAILABILITY,domains.list,domains.list,2021-09-04 06:09:57.509138,bef97e23eed1ccf466f8c83a
ioiylgyf.com,AVAILABILITY,domains.list,domains.list,2021-09-04 06:09:58.196827,bef97e23eed1ccf466f8c83a
ipqjjrnciyi.com,AVAILABILITY,domains.list,domains.list,2021-09-04 06:09:58.687076,bef97e23eed1ccf466f8c83a
iqnmjstd.com,AVAILABILITY,domains.list,domains.list,2021-09-04 06:09:59.174525,bef97e23eed1ccf466f8c83a
iquyclpvbx.com,AVAILABILITY,domains.list,domains.list,2021-09-04 06:09:59.681816,bef97e23eed1ccf466f8c83a
iqwczlbxvtcnh.com,AVAILABILITY,domains.list,domains.list,2021-09-04 06:10:00.125172,bef97e23eed1ccf466f8c83a
irqtkzvyhmmtyw.com,AVAILABILITY,domains.list,domains.list,2021-09-04 06:10:00.612675,bef97e23eed1ccf466f8c83a
isekvtjiahm.com,AVAILABILITY,domains.list,domains.list,2021-09-04 06:10:01.090751,bef97e23eed1ccf466f8c83a
isfxsiooyjad.com,AVAILABILITY,domains.list,domains.list,2021-09-04 06:10:01.700497,bef97e23eed1ccf466f8c83a
ivjkdyrjjgxhch.com,AVAILABILITY,domains.list,domains.list,2021-09-04 06:10:04.712842,bef97e23eed1ccf466f8c83a
iwkrvexersoof.com,AVAILABILITY,domains.list,domains.list,2021-09-04 06:10:05.207766,bef97e23eed1ccf466f8c83a
jakzxxzrymhz.com,AVAILABILITY,domains.list,domains.list,2021-09-04 06:10:05.796608,bef97e23eed1ccf466f8c83a
jarhcvnlj.com,AVAILABILITY,domains.list,domains.list,2021-09-04 06:10:06.279390,bef97e23eed1ccf466f8c83a
jbbqwmnrkpi.com,AVAILABILITY,domains.list,domains.list,2021-09-04 06:10:06.742697,bef97e23eed1ccf466f8c83a
jbqeyfrli.com,AVAILABILITY,domains.list,domains.list,2021-09-04 06:10:07.222828,bef97e23eed1ccf466f8c83a
jbrpciuloi.com,AVAILABILITY,domains.list,domains.list,2021-09-04 06:10:07.779919,bef97e23eed1ccf466f8c83a
jchgcipyywszqt.com,AVAILABILITY,domains.list,domains.list,2021-09-04 06:10:08.412164,bef97e23eed1ccf466f8c83a
jdwxjtwue.com,AVAILABILITY,domains.list,domains.list,2021-09-04 06:10:08.892886,bef97e23eed1ccf466f8c83a
jeqixokniyny.com,AVAILABILITY,domains.list,domains.list,2021-09-04 06:10:29.435276,bef97e23eed1ccf466f8c83a
jeshnpdqy.com,AVAILABILITY,domains.list,domains.list,2021-09-04 06:10:29.896852,bef97e23eed1ccf466f8c83a
jevqbzflcbcpz.com,AVAILABILITY,domains.list,domains.list,2021-09-04 06:10:30.378859,bef97e23eed1ccf466f8c83a
jfiqsfsh.com,AVAILABILITY,domains.list,domains.list,2021-09-04 06:10:30.833017,bef97e23eed1ccf466f8c83a
jhhlhneavuo.com,AVAILABILITY,domains.list,domains.list,2021-09-04 06:10:31.587845,bef97e23eed1ccf466f8c83a
jikpijfebfflia.com,AVAILABILITY,domains.list,domains.list,2021-09-04 06:10:32.036432,bef97e23eed1ccf466f8c83a
jjfankvlnhhm.com,AVAILABILITY,domains.list,domains.list,2021-09-04 06:10:32.513896,bef97e23eed1ccf466f8c83a
jjpnveujkk.com,AVAILABILITY,domains.list,domains.list,2021-09-04 06:10:33.216997,bef97e23eed1ccf466f8c83a
jkjcoyeeglunz.com,AVAILABILITY,domains.list,domains.list,2021-09-04 06:10:33.794994,bef97e23eed1ccf466f8c83a
jkjkeithc.com,AVAILABILITY,domains.list,domains.list,2021-09-04 06:10:34.268921,bef97e23eed1ccf466f8c83a
jltklmnmj.com,AVAILABILITY,domains.list,domains.list,2021-09-04 06:10:34.758731,bef97e23eed1ccf466f8c83a
jmbhyqijqhxk.com,AVAILABILITY,domains.list,domains.list,2021-09-04 06:10:35.231288,bef97e23eed1ccf466f8c83a
jmxphjxsxd.com,AVAILABILITY,domains.list,domains.list,2021-09-04 06:10:55.741235,bef97e23eed1ccf466f8c83a
jmykbogg.com,AVAILABILITY,domains.list,domains.list,2021-09-04 06:10:56.221179,bef97e23eed1ccf466f8c83a
jnrvjpsltf.com,AVAILABILITY,domains.list,domains.list,2021-09-04 06:10:56.712073,bef97e23eed1ccf466f8c83a
jphlsnzlxdz.com,AVAILABILITY,domains.list,domains.list,2021-09-04 06:10:57.189142,bef97e23eed1ccf466f8c83a
jqdkoslwjtn.com,AVAILABILITY,domains.list,domains.list,2021-09-04 06:10:57.669146,bef97e23eed1ccf466f8c83a
jrkuzeyfiztvos.com,AVAILABILITY,domains.list,domains.list,2021-09-04 06:10:58.190320,bef97e23eed1ccf466f8c83a
jusrlkubhjnr.com,AVAILABILITY,domains.list,domains.list,2021-09-04 06:11:00.104848,bef97e23eed1ccf466f8c83a
juzdqtmyo.com,AVAILABILITY,domains.list,domains.list,2021-09-04 06:11:00.581134,bef97e23eed1ccf466f8c83a
jvcwtqqkackdn.com,AVAILABILITY,domains.list,domains.list,2021-09-04 06:11:01.088534,bef97e23eed1ccf466f8c83a
jxswwvvejwzdd.com,AVAILABILITY,domains.list,domains.list,2021-09-04 06:11:01.600956,bef97e23eed1ccf466f8c83a
kbdstwnruc.com,AVAILABILITY,domains.list,domains.list,2021-09-04 06:11:02.080694,bef97e23eed1ccf466f8c83a
kbifqgyugzo.com,AVAILABILITY,domains.list,domains.list,2021-09-04 06:11:02.571288,bef97e23eed1ccf466f8c83a
kbqebfcubeiaa.com,AVAILABILITY,domains.list,domains.list,2021-09-04 06:11:04.656509,bef97e23eed1ccf466f8c83a
kbsceyleonkq.com,AVAILABILITY,domains.list,domains.list,2021-09-04 06:11:05.151013,bef97e23eed1ccf466f8c83a
keeicgjfnjws.com,AVAILABILITY,domains.list,domains.list,2021-09-04 06:11:05.626624,bef97e23eed1ccf466f8c83a
kelxznqntfk.com,AVAILABILITY,domains.list,domains.list,2021-09-04 06:11:06.117115,bef97e23eed1ccf466f8c83a
kfwpyyctzmpk.com,AVAILABILITY,domains.list,domains.list,2021-09-04 06:11:06.640085,bef97e23eed1ccf466f8c83a
kgnagbymcdmlr.com,AVAILABILITY,domains.list,domains.list,2021-09-04 06:11:07.103558,bef97e23eed1ccf466f8c83a
khewwakrywmgxr.com,AVAILABILITY,domains.list,domains.list,2021-09-04 06:11:07.568305,bef97e23eed1ccf466f8c83a
khzbeucrltin.com,AVAILABILITY,domains.list,domains.list,2021-09-04 06:11:08.062452,bef97e23eed1ccf466f8c83a
kjbqzbiteubt.com,AVAILABILITY,domains.list,domains.list,2021-09-04 06:11:08.530922,bef97e23eed1ccf466f8c83a
kjfxjsqmn.com,AVAILABILITY,domains.list,domains.list,2021-09-04 06:11:09.035982,bef97e23eed1ccf466f8c83a
kjkwrmwdyhi.com,AVAILABILITY,domains.list,domains.list,2021-09-04 06:11:09.748671,bef97e23eed1ccf466f8c83a
kjrjvvxcg.com,AVAILABILITY,domains.list,domains.list,2021-09-04 06:11:10.235328,bef97e23eed1ccf466f8c83a
kkkjjskrtsjvx.com,AVAILABILITY,domains.list,domains.list,2021-09-04 06:11:10.717538,bef97e23eed1ccf466f8c83a
kmqkdhqaqt.com,AVAILABILITY,domains.list,domains.list,2021-09-04 06:11:11.166752,bef97e23eed1ccf466f8c83a
kmuvaerfumy.com,AVAILABILITY,domains.list,domains.list,2021-09-04 06:11:11.707013,bef97e23eed1ccf466f8c83a
kntswafuos.com,AVAILABILITY,domains.list,domains.list,2021-09-04 06:11:12.400002,bef97e23eed1ccf466f8c83a
konbwfktusra.com,AVAILABILITY,domains.list,domains.list,2021-09-04 06:11:13.296682,bef97e23eed1ccf466f8c83a
kpxbctywsa.com,AVAILABILITY,domains.list,domains.list,2021-09-04 06:11:13.796917,bef97e23eed1ccf466f8c83a
kqkheakqrh.bid,AVAILABILITY,domains.list,domains.list,2021-09-04 06:11:14.260814,bef97e23eed1ccf466f8c83a
kqmjmrzjhmdn.com,AVAILABILITY,domains.list,domains.list,2021-09-04 06:11:15.044902,bef97e23eed1ccf466f8c83a
krwasgyensttng.com,AVAILABILITY,domains.list,domains.list,2021-09-04 06:11:15.517321,bef97e23eed1ccf466f8c83a
ksfubacmhdcc.com,AVAILABILITY,domains.list,domains.list,2021-09-04 06:11:16.003750,bef97e23eed1ccf466f8c83a
kshzzbmgbmoqad.com,AVAILABILITY,domains.list,domains.list,2021-09-04 06:11:16.487520,bef97e23eed1ccf466f8c83a
ktteklov.com,AVAILABILITY,domains.list,domains.list,2021-09-04 06:11:19.419013,bef97e23eed1ccf466f8c83a
kueimatyr.com,AVAILABILITY,domains.list,domains.list,2021-09-04 06:11:19.903351,bef97e23eed1ccf466f8c83a
kutjilsi.com,AVAILABILITY,domains.list,domains.list,2021-09-04 06:11:20.367924,bef97e23eed1ccf466f8c83a
kutlvuitevgw.com,AVAILABILITY,domains.list,domains.list,2021-09-04 06:11:21.211806,bef97e23eed1ccf466f8c83a
kxicxovlajgoct.com,AVAILABILITY,domains.list,domains.list,2021-09-04 06:11:21.690363,bef97e23eed1ccf466f8c83a
kxswxnbr.com,AVAILABILITY,domains.list,domains.list,2021-09-04 06:11:22.136646,bef97e23eed1ccf466f8c83a
kxuztynmbquxcf.com,AVAILABILITY,domains.list,domains.list,2021-09-04 06:11:22.598235,bef97e23eed1ccf466f8c83a
kymavmjnfe.com,AVAILABILITY,domains.list,domains.list,2021-09-04 06:11:23.042300,bef97e23eed1ccf466f8c83a
kyqvwwyjmrhl.com,AVAILABILITY,domains.list,domains.list,2021-09-04 06:11:23.511294,bef97e23eed1ccf466f8c83a
kzzeupckj.com,AVAILABILITY,domains.list,domains.list,2021-09-04 06:11:24.028851,bef97e23eed1ccf466f8c83a
lcolevwciuwj.com,AVAILABILITY,domains.list,domains.list,2021-09-04 06:11:24.492698,bef97e23eed1ccf466f8c83a
ldipafssohosls.com,AVAILABILITY,domains.list,domains.list,2021-09-04 06:11:24.981038,bef97e23eed1ccf466f8c83a
lgcblkbn.com,AVAILABILITY,domains.list,domains.list,2021-09-04 06:11:25.426020,bef97e23eed1ccf466f8c83a
lgnjrjdju.bid,AVAILABILITY,domains.list,domains.list,2021-09-04 06:11:25.893566,bef97e23eed1ccf466f8c83a
lifzpefv.com,AVAILABILITY,domains.list,domains.list,2021-09-04 06:11:26.354283,bef97e23eed1ccf466f8c83a
lijzkjtk.com,AVAILABILITY,domains.list,domains.list,2021-09-04 06:11:26.862679,bef97e23eed1ccf466f8c83a
liofypwnko.com,AVAILABILITY,domains.list,domains.list,2021-09-04 06:11:27.331311,bef97e23eed1ccf466f8c83a
lkddksjgih.com,AVAILABILITY,domains.list,domains.list,2021-09-04 06:11:27.815880,bef97e23eed1ccf466f8c83a
lkiiwoxjfovcga.com,AVAILABILITY,domains.list,domains.list,2021-09-04 06:11:28.304014,bef97e23eed1ccf466f8c83a
lllkotiocpjfb.com,AVAILABILITY,domains.list,domains.list,2021-09-04 06:11:28.802465,bef97e23eed1ccf466f8c83a
lmheeproc.com,AVAILABILITY,domains.list,domains.list,2021-09-04 06:11:29.272838,bef97e23eed1ccf466f8c83a
lnueliai.com,AVAILABILITY,domains.list,domains.list,2021-09-04 06:11:29.731643,bef97e23eed1ccf466f8c83a
loddawqst.com,AVAILABILITY,domains.list,domains.list,2021-09-04 06:11:30.188249,bef97e23eed1ccf466f8c83a
lqpkjasgqjve.com,AVAILABILITY,domains.list,domains.list,2021-09-04 06:11:30.662091,bef97e23eed1ccf466f8c83a
luvkkodlpxou.bid,AVAILABILITY,domains.list,domains.list,2021-09-04 06:11:31.113125,bef97e23eed1ccf466f8c83a
luvnrybocrcgl.com,AVAILABILITY,domains.list,domains.list,2021-09-04 06:11:31.685572,bef97e23eed1ccf466f8c83a
lvbdvlnbht.com,AVAILABILITY,domains.list,domains.list,2021-09-04 06:11:32.173065,bef97e23eed1ccf466f8c83a
lvecygampj.com,AVAILABILITY,domains.list,domains.list,2021-09-04 06:11:32.782576,bef97e23eed1ccf466f8c83a
lvgaaldcza.com,AVAILABILITY,domains.list,domains.list,2021-09-04 06:11:33.248295,bef97e23eed1ccf466f8c83a
lvntekpejrmtb.com,AVAILABILITY,domains.list,domains.list,2021-09-04 06:11:33.875709,bef97e23eed1ccf466f8c83a
lvoojxblukb.com,AVAILABILITY,domains.list,domains.list,2021-09-04 06:11:34.341388,bef97e23eed1ccf466f8c83a
lwasxldakmhx.com,AVAILABILITY,domains.list,domains.list,2021-09-04 06:11:34.777051,bef97e23eed1ccf466f8c83a
lzpgstae.com,AVAILABILITY,domains.list,domains.list,2021-09-04 06:11:35.264044,bef97e23eed1ccf466f8c83a
mafvijpjsaz.com,AVAILABILITY,domains.list,domains.list,2021-09-04 06:11:35.727194,bef97e23eed1ccf466f8c83a
mahrzxsou.com,AVAILABILITY,domains.list,domains.list,2021-09-04 06:11:36.184033,bef97e23eed1ccf466f8c83a
maudfkdsuyp.com,AVAILABILITY,domains.list,domains.list,2021-09-04 06:11:36.881713,bef97e23eed1ccf466f8c83a
mbctxigml.com,AVAILABILITY,domains.list,domains.list,2021-09-04 06:11:37.390648,bef97e23eed1ccf466f8c83a
mbsivmsbuteaz.com,AVAILABILITY,domains.list,domains.list,2021-09-04 06:11:57.915948,bef97e23eed1ccf466f8c83a
mdcytqwnbr.com,AVAILABILITY,domains.list,domains.list,2021-09-04 06:11:58.484477,bef97e23eed1ccf466f8c83a
mdrkqbsirbry.com,AVAILABILITY,domains.list,domains.list,2021-09-04 06:11:58.955388,bef97e23eed1ccf466f8c83a
mduinqxgi.com,AVAILABILITY,domains.list,domains.list,2021-09-04 06:11:59.430173,bef97e23eed1ccf466f8c83a
megpacokjce.bid,AVAILABILITY,domains.list,domains.list,2021-09-04 06:13:13.622319,bef97e23eed1ccf466f8c83a
mfjegjqb.com,AVAILABILITY,domains.list,domains.list,2021-09-04 06:13:14.080558,bef97e23eed1ccf466f8c83a
mhviessolums.com,AVAILABILITY,domains.list,domains.list,2021-09-04 06:13:14.565659,bef97e23eed1ccf466f8c83a
miahshnju.com,AVAILABILITY,domains.list,domains.list,2021-09-04 06:13:15.027770,bef97e23eed1ccf466f8c83a
mictxtwtjigs.com,AVAILABILITY,domains.list,domains.list,2021-09-04 06:13:15.775800,bef97e23eed1ccf466f8c83a
mlehvwpk.com,AVAILABILITY,domains.list,domains.list,2021-09-04 06:13:16.264489,bef97e23eed1ccf466f8c83a
mljzbcrvexzn.com,AVAILABILITY,domains.list,domains.list,2021-09-04 06:13:16.768917,bef97e23eed1ccf466f8c83a
mlqrvksywbemk.com,AVAILABILITY,domains.list,domains.list,2021-09-04 06:13:17.236030,bef97e23eed1ccf466f8c83a
mmpcqstnkcelx.com,AVAILABILITY,domains.list,domains.list,2021-09-04 06:13:18.326943,bef97e23eed1ccf466f8c83a
molfkqiw.com,AVAILABILITY,domains.list,domains.list,2021-09-04 06:13:18.788294,bef97e23eed1ccf466f8c83a
mpyiiswvgxz.com,AVAILABILITY,domains.list,domains.list,2021-09-04 06:13:19.288565,bef97e23eed1ccf466f8c83a
muyoozrkkyr.com,AVAILABILITY,domains.list,domains.list,2021-09-04 06:13:19.759889,bef97e23eed1ccf466f8c83a
mvdvktbaptzl.com,AVAILABILITY,domains.list,domains.list,2021-09-04 06:13:20.219958,bef97e23eed1ccf466f8c83a
mwtvrqokhbnidz.com,AVAILABILITY,domains.list,domains.list,2021-09-04 06:13:20.715216,bef97e23eed1ccf466f8c83a
mxsuikhqaggf.com,AVAILABILITY,domains.list,domains.list,2021-09-04 06:13:21.273917,bef97e23eed1ccf466f8c83a
mykhtesikvuz.com,AVAILABILITY,domains.list,domains.list,2021-09-04 06:13:21.892558,bef97e23eed1ccf466f8c83a
mzaugggxs.com,AVAILABILITY,domains.list,domains.list,2021-09-04 06:13:22.340645,bef97e23eed1ccf466f8c83a
mzvwhksbwnj.com,AVAILABILITY,domains.list,domains.list,2021-09-04 06:13:22.840210,bef97e23eed1ccf466f8c83a
naapvraf.com,AVAILABILITY,domains.list,domains.list,2021-09-04 06:13:23.307275,bef97e23eed1ccf466f8c83a
naiwvizpzflx.com,AVAILABILITY,domains.list,domains.list,2021-09-04 06:13:23.766515,bef97e23eed1ccf466f8c83a
nbrwvrqyz.com,AVAILABILITY,domains.list,domains.list,2021-09-04 06:13:24.762250,bef97e23eed1ccf466f8c83a
ndikvccwz.com,AVAILABILITY,domains.list,domains.list,2021-09-04 06:13:25.437499,bef97e23eed1ccf466f8c83a
nedmppiilnld.com,AVAILABILITY,domains.list,domains.list,2021-09-04 06:13:26.301276,bef97e23eed1ccf466f8c83a
nhqxzqvkj.com,AVAILABILITY,domains.list,domains.list,2021-09-04 06:13:26.943157,bef97e23eed1ccf466f8c83a
nirzzfseiwkq.com,AVAILABILITY,domains.list,domains.list,2021-09-04 06:13:27.411577,bef97e23eed1ccf466f8c83a
nmrlcnuok.com,AVAILABILITY,domains.list,domains.list,2021-09-04 06:13:29.134589,bef97e23eed1ccf466f8c83a
nmywwgnnkmud.com,AVAILABILITY,domains.list,domains.list,2021-09-04 06:13:29.655467,bef97e23eed1ccf466f8c83a
npjqjgiskte.com,AVAILABILITY,domains.list,domains.list,2021-09-04 06:13:30.133013,bef97e23eed1ccf466f8c83a
nrectoqhwdhi.com,AVAILABILITY,domains.list,domains.list,2021-09-04 06:13:30.591789,bef97e23eed1ccf466f8c83a
nrkpsucnwuexfl.com,AVAILABILITY,domains.list,domains.list,2021-09-04 06:13:31.051929,bef97e23eed1ccf466f8c83a
nryceuula.com,AVAILABILITY,domains.list,domains.list,2021-09-04 06:13:31.606732,bef97e23eed1ccf466f8c83a
nsmwtzwq.com,AVAILABILITY,domains.list,domains.list,2021-09-04 06:13:32.073703,bef97e23eed1ccf466f8c83a
nthsvpcd.com,AVAILABILITY,domains.list,domains.list,2021-09-04 06:13:32.564547,bef97e23eed1ccf466f8c83a
ntlzbnmyukos.com,AVAILABILITY,domains.list,domains.list,2021-09-04 06:13:33.043360,bef97e23eed1ccf466f8c83a
nulwhbbyfdxy.com,AVAILABILITY,domains.list,domains.list,2021-09-04 06:13:33.546390,bef97e23eed1ccf466f8c83a
nvcwpexqk.com,AVAILABILITY,domains.list,domains.list,2021-09-04 06:13:34.039108,bef97e23eed1ccf466f8c83a
nvdljujp.com,AVAILABILITY,domains.list,domains.list,2021-09-04 06:13:34.610076,bef97e23eed1ccf466f8c83a
nvloygrnfe.com,AVAILABILITY,domains.list,domains.list,2021-09-04 06:13:35.232824,bef97e23eed1ccf466f8c83a
nwrkyuftlnbzuh.bid,AVAILABILITY,domains.list,domains.list,2021-09-04 06:13:35.687411,bef97e23eed1ccf466f8c83a
nxcxithvcoeh.com,AVAILABILITY,domains.list,domains.list,2021-09-04 06:13:36.440927,bef97e23eed1ccf466f8c83a
nyhpwuns.com,AVAILABILITY,domains.list,domains.list,2021-09-04 06:13:36.884525,bef97e23eed1ccf466f8c83a
nyxvhfwfbmh.com,AVAILABILITY,domains.list,domains.list,2021-09-04 06:13:37.338960,bef97e23eed1ccf466f8c83a
nzhuswwhd.com,AVAILABILITY,domains.list,domains.list,2021-09-04 06:13:38.416770,bef97e23eed1ccf466f8c83a
nzopgzncs.com,AVAILABILITY,domains.list,domains.list,2021-09-04 06:13:38.932608,bef97e23eed1ccf466f8c83a
oaxpcohp.com,AVAILABILITY,domains.list,domains.list,2021-09-04 06:13:39.488859,bef97e23eed1ccf466f8c83a
obnyujeibv.com,AVAILABILITY,domains.list,domains.list,2021-09-04 06:13:39.950488,bef97e23eed1ccf466f8c83a
odhuvqrlntidxf.com,AVAILABILITY,domains.list,domains.list,2021-09-04 06:13:40.423237,bef97e23eed1ccf466f8c83a
oevqxivhquovq.com,AVAILABILITY,domains.list,domains.list,2021-09-04 06:13:40.913405,bef97e23eed1ccf466f8c83a
ofexmskz.com,AVAILABILITY,domains.list,domains.list,2021-09-04 06:13:41.500657,bef97e23eed1ccf466f8c83a
ofzoxqcldl.com,AVAILABILITY,domains.list,domains.list,2021-09-04 06:13:42.079265,bef97e23eed1ccf466f8c83a
ognybevu.com,AVAILABILITY,domains.list,domains.list,2021-09-04 06:13:43.206926,bef97e23eed1ccf466f8c83a
okrnvztkhkghas.com,AVAILABILITY,domains.list,domains.list,2021-09-04 06:13:43.699021,bef97e23eed1ccf466f8c83a
okvfijgdmqton.bid,AVAILABILITY,domains.list,domains.list,2021-09-04 06:13:44.219012,bef97e23eed1ccf466f8c83a
oldqsuoemchpr.com,AVAILABILITY,domains.list,domains.list,2021-09-04 06:13:44.665355,bef97e23eed1ccf466f8c83a
olthlikechgq.com,AVAILABILITY,domains.list,domains.list,2021-09-04 06:13:45.136299,bef97e23eed1ccf466f8c83a
oojthlwtlu.com,AVAILABILITY,domains.list,domains.list,2021-09-04 06:13:45.607017,bef97e23eed1ccf466f8c83a
oouggjayokzx.com,AVAILABILITY,domains.list,domains.list,2021-09-04 06:13:46.095232,bef97e23eed1ccf466f8c83a
oozrsmpieq.com,AVAILABILITY,domains.list,domains.list,2021-09-04 06:13:46.564673,bef97e23eed1ccf466f8c83a
opyyykrdyuum.com,AVAILABILITY,domains.list,domains.list,2021-09-04 06:13:47.176455,bef97e23eed1ccf466f8c83a
opzdbhjvd.com,AVAILABILITY,domains.list,domains.list,2021-09-04 06:13:47.674734,bef97e23eed1ccf466f8c83a
orgttpvpglshap.com,AVAILABILITY,domains.list,domains.list,2021-09-04 06:13:48.152063,bef97e23eed1ccf466f8c83a
osdiqyuesejd.com,AVAILABILITY,domains.list,domains.list,2021-09-04 06:13:48.633052,bef97e23eed1ccf466f8c83a
otdsngganpsgru.com,AVAILABILITY,domains.list,domains.list,2021-09-04 06:13:49.198774,bef97e23eed1ccf466f8c83a
oucywciij.com,AVAILABILITY,domains.list,domains.list,2021-09-04 06:13:49.662072,bef97e23eed1ccf466f8c83a
oudccdjvh.com,AVAILABILITY,domains.list,domains.list,2021-09-04 06:13:50.104195,bef97e23eed1ccf466f8c83a
ougdqjentmp.com,AVAILABILITY,domains.list,domains.list,2021-09-04 06:13:50.593369,bef97e23eed1ccf466f8c83a
ovfuoico.com,AVAILABILITY,domains.list,domains.list,2021-09-04 06:13:51.044140,bef97e23eed1ccf466f8c83a
ovmzlptjfci.com,AVAILABILITY,domains.list,domains.list,2021-09-04 06:13:51.511883,bef97e23eed1ccf466f8c83a
ovtkwzyowci.com,AVAILABILITY,domains.list,domains.list,2021-09-04 06:13:51.974645,bef97e23eed1ccf466f8c83a
oypgywhfcrk.com,AVAILABILITY,domains.list,domains.list,2021-09-04 06:13:52.454165,bef97e23eed1ccf466f8c83a
ozvxadosic.com,AVAILABILITY,domains.list,domains.list,2021-09-04 06:13:53.053327,bef97e23eed1ccf466f8c83a
ozwjhdler.com,AVAILABILITY,domains.list,domains.list,2021-09-04 06:13:53.623127,bef97e23eed1ccf466f8c83a
pcskkmgjnubi.com,AVAILABILITY,domains.list,domains.list,2021-09-04 06:13:54.101209,bef97e23eed1ccf466f8c83a
pdmtmribgaqctz.com,AVAILABILITY,domains.list,domains.list,2021-09-04 06:13:54.639506,bef97e23eed1ccf466f8c83a
pennzxycrdmw.com,AVAILABILITY,domains.list,domains.list,2021-09-04 06:13:55.234462,bef97e23eed1ccf466f8c83a
petsarlaaafru.com,AVAILABILITY,domains.list,domains.list,2021-09-04 06:13:56.320008,bef97e23eed1ccf466f8c83a
pgeejqisao.com,AVAILABILITY,domains.list,domains.list,2021-09-04 06:13:56.974254,bef97e23eed1ccf466f8c83a
pkytbidauolavq.com,AVAILABILITY,domains.list,domains.list,2021-09-04 06:13:57.457020,bef97e23eed1ccf466f8c83a
pldsafpulgnw.com,AVAILABILITY,domains.list,domains.list,2021-09-04 06:13:57.921268,bef97e23eed1ccf466f8c83a
plxtejszb.com,AVAILABILITY,domains.list,domains.list,2021-09-04 06:13:58.405299,bef97e23eed1ccf466f8c83a
plzjcnyxcdl.com,AVAILABILITY,domains.list,domains.list,2021-09-04 06:13:58.885360,bef97e23eed1ccf466f8c83a
pnhnzihmrjybgt.com,AVAILABILITY,domains.list,domains.list,2021-09-04 06:13:59.349985,bef97e23eed1ccf466f8c83a
pnmoclqxtcsbw.com,AVAILABILITY,domains.list,domains.list,2021-09-04 06:13:59.913552,bef97e23eed1ccf466f8c83a
pnrblholty.com,AVAILABILITY,domains.list,domains.list,2021-09-04 06:14:00.550155,bef97e23eed1ccf466f8c83a
podimxqmqguj.com,AVAILABILITY,domains.list,domains.list,2021-09-04 06:14:01.042035,bef97e23eed1ccf466f8c83a
popadscdn.net,AVAILABILITY,domains.list,domains.list,2021-09-04 06:14:01.608610,bef97e23eed1ccf466f8c83a
potmbbqbaqxwp.com,AVAILABILITY,domains.list,domains.list,2021-09-04 06:14:02.214210,bef97e23eed1ccf466f8c83a
poxcldtepiulo.com,AVAILABILITY,domains.list,domains.list,2021-09-04 06:14:02.683421,bef97e23eed1ccf466f8c83a
pprcfwhlmtagay.com,AVAILABILITY,domains.list,domains.list,2021-09-04 06:14:03.267898,bef97e23eed1ccf466f8c83a
pqdgvgxtshpny.com,AVAILABILITY,domains.list,domains.list,2021-09-04 06:14:03.744378,bef97e23eed1ccf466f8c83a
pqlveeoq.com,AVAILABILITY,domains.list,domains.list,2021-09-04 06:14:04.230361,bef97e23eed1ccf466f8c83a
probanzfbbdix.com,AVAILABILITY,domains.list,domains.list,2021-09-04 06:14:04.694745,bef97e23eed1ccf466f8c83a
psvgnczo.com,AVAILABILITY,domains.list,domains.list,2021-09-04 06:14:05.179672,bef97e23eed1ccf466f8c83a
psxxbhheqxoy.com,AVAILABILITY,domains.list,domains.list,2021-09-04 06:14:05.768258,bef97e23eed1ccf466f8c83a
punxdxucmi.com,AVAILABILITY,domains.list,domains.list,2021-09-04 06:14:06.223169,bef97e23eed1ccf466f8c83a
puwvuscm.com,AVAILABILITY,domains.list,domains.list,2021-09-04 06:14:06.712883,bef97e23eed1ccf466f8c83a
pvmkyvtt.com,AVAILABILITY,domains.list,domains.list,2021-09-04 06:14:07.180012,bef97e23eed1ccf466f8c83a
pvptwhhkfmog.com,AVAILABILITY,domains.list,domains.list,2021-09-04 06:14:07.745284,bef97e23eed1ccf466f8c83a
pvrnqpgvbucif.com,AVAILABILITY,domains.list,domains.list,2021-09-04 06:14:08.232004,bef97e23eed1ccf466f8c83a
pwoiseuoyxpxz.com,AVAILABILITY,domains.list,domains.list,2021-09-04 06:14:08.682095,bef97e23eed1ccf466f8c83a
pxjttrrk.com,AVAILABILITY,domains.list,domains.list,2021-09-04 06:14:09.145839,bef97e23eed1ccf466f8c83a
pxjzhqcmuaa.com,AVAILABILITY,domains.list,domains.list,2021-09-04 06:14:09.587802,bef97e23eed1ccf466f8c83a
pxlqyrteuuh.com,AVAILABILITY,domains.list,domains.list,2021-09-04 06:14:10.327682,bef97e23eed1ccf466f8c83a
pxqxbkqcohsy.com,AVAILABILITY,domains.list,domains.list,2021-09-04 06:14:10.787608,bef97e23eed1ccf466f8c83a
qaxgycvxm.com,AVAILABILITY,domains.list,domains.list,2021-09-04 06:14:11.263784,bef97e23eed1ccf466f8c83a
qbddhjrwe.com,AVAILABILITY,domains.list,domains.list,2021-09-04 06:14:11.869486,bef97e23eed1ccf466f8c83a
qbkzvophvva.com,AVAILABILITY,domains.list,domains.list,2021-09-04 06:14:12.349326,bef97e23eed1ccf466f8c83a
qexegqtytk.bid,AVAILABILITY,domains.list,domains.list,2021-09-04 06:14:12.812353,bef97e23eed1ccf466f8c83a
qfigzwpgzzkf.com,AVAILABILITY,domains.list,domains.list,2021-09-04 06:14:13.305323,bef97e23eed1ccf466f8c83a
qfwjclpckrdehi.com,AVAILABILITY,domains.list,domains.list,2021-09-04 06:14:13.882692,bef97e23eed1ccf466f8c83a
qgevavwyafjf.com,AVAILABILITY,domains.list,domains.list,2021-09-04 06:14:14.396050,bef97e23eed1ccf466f8c83a
qgnlbjkxrzb.com,AVAILABILITY,domains.list,domains.list,2021-09-04 06:14:15.062359,bef97e23eed1ccf466f8c83a
qgnqsebea.com,AVAILABILITY,domains.list,domains.list,2021-09-04 06:14:15.724848,bef97e23eed1ccf466f8c83a
qgwazwmlx.com,AVAILABILITY,domains.list,domains.list,2021-09-04 06:14:16.402659,bef97e23eed1ccf466f8c83a
qhqofqeivtno.com,AVAILABILITY,domains.list,domains.list,2021-09-04 06:14:16.880903,bef97e23eed1ccf466f8c83a
qiytksjydjmt.bid,AVAILABILITY,domains.list,domains.list,2021-09-04 06:14:17.380616,bef97e23eed1ccf466f8c83a
qjkxoniuj.com,AVAILABILITY,domains.list,domains.list,2021-09-04 06:14:17.843881,bef97e23eed1ccf466f8c83a
qjttowndvet.com,AVAILABILITY,domains.list,domains.list,2021-09-04 06:14:18.575143,bef97e23eed1ccf466f8c83a
qjvdxehyrnxema.com,AVAILABILITY,domains.list,domains.list,2021-09-04 06:14:19.038702,bef97e23eed1ccf466f8c83a
qjwaarvwpwic.com,AVAILABILITY,domains.list,domains.list,2021-09-04 06:14:19.504131,bef97e23eed1ccf466f8c83a
qkbwatmx.com,AVAILABILITY,domains.list,domains.list,2021-09-04 06:14:19.987421,bef97e23eed1ccf466f8c83a
qkspafpgg.com,AVAILABILITY,domains.list,domains.list,2021-09-04 06:14:20.537315,bef97e23eed1ccf466f8c83a
qlhhbgkgggsp.com,AVAILABILITY,domains.list,domains.list,2021-09-04 06:14:21.020851,bef97e23eed1ccf466f8c83a
qneowzuyfzyfs.com,AVAILABILITY,domains.list,domains.list,2021-09-04 06:14:21.510829,bef97e23eed1ccf466f8c83a
qpljfpwdpk.com,AVAILABILITY,domains.list,domains.list,2021-09-04 06:14:21.985840,bef97e23eed1ccf466f8c83a
qqdalrqzvukzto.com,AVAILABILITY,domains.list,domains.list,2021-09-04 06:14:22.457885,bef97e23eed1ccf466f8c83a
qrcvlmxqu.com,AVAILABILITY,domains.list,domains.list,2021-09-04 06:14:22.931721,bef97e23eed1ccf466f8c83a
qrindfqrd.com,AVAILABILITY,domains.list,domains.list,2021-09-04 06:14:23.420407,bef97e23eed1ccf466f8c83a
qrksjrjppkam.com,AVAILABILITY,domains.list,domains.list,2021-09-04 06:14:25.874854,bef97e23eed1ccf466f8c83a
qruwrcenw.com,AVAILABILITY,domains.list,domains.list,2021-09-04 06:14:26.373200,bef97e23eed1ccf466f8c83a
qslychhjeo.com,AVAILABILITY,domains.list,domains.list,2021-09-04 06:14:26.917101,bef97e23eed1ccf466f8c83a
qttbfdygj.com,AVAILABILITY,domains.list,domains.list,2021-09-04 06:14:27.493993,bef97e23eed1ccf466f8c83a
qttmjwno.com,AVAILABILITY,domains.list,domains.list,2021-09-04 06:14:28.744321,bef97e23eed1ccf466f8c83a
qwvajuyccl.com,AVAILABILITY,domains.list,domains.list,2021-09-04 06:14:29.224218,bef97e23eed1ccf466f8c83a
qxkwtmrvnbqxf.com,AVAILABILITY,domains.list,domains.list,2021-09-04 06:14:29.703716,bef97e23eed1ccf466f8c83a
qydhjirz.com,AVAILABILITY,domains.list,domains.list,2021-09-04 06:14:30.324236,bef97e23eed1ccf466f8c83a
qzbnokxxvvpwf.com,AVAILABILITY,domains.list,domains.list,2021-09-04 06:14:30.903766,bef97e23eed1ccf466f8c83a
qzgbhuelut.com,AVAILABILITY,domains.list,domains.list,2021-09-04 06:14:31.580222,bef97e23eed1ccf466f8c83a
qziqnfwzk.com,AVAILABILITY,domains.list,domains.list,2021-09-04 06:14:32.039823,bef97e23eed1ccf466f8c83a
qzownvqgn.com,AVAILABILITY,domains.list,domains.list,2021-09-04 06:14:32.512104,bef97e23eed1ccf466f8c83a
raqrhomcbhrzvl.com,AVAILABILITY,domains.list,domains.list,2021-09-04 06:14:32.971664,bef97e23eed1ccf466f8c83a
raspiadkwcecz.com,AVAILABILITY,domains.list,domains.list,2021-09-04 06:14:33.445775,bef97e23eed1ccf466f8c83a
rcblkkhfvrxyn.com,AVAILABILITY,domains.list,domains.list,2021-09-04 06:14:34.153612,bef97e23eed1ccf466f8c83a
rckpwmhqz.com,AVAILABILITY,domains.list,domains.list,2021-09-04 06:14:34.929285,bef97e23eed1ccf466f8c83a
rcscaxhjmm.com,AVAILABILITY,domains.list,domains.list,2021-09-04 06:14:36.039860,bef97e23eed1ccf466f8c83a
rcumwyqkv.com,AVAILABILITY,domains.list,domains.list,2021-09-04 06:14:36.517209,bef97e23eed1ccf466f8c83a
rcvhzfcnja.com,AVAILABILITY,domains.list,domains.list,2021-09-04 06:14:37.026147,bef97e23eed1ccf466f8c83a
reiqwxxd.com,AVAILABILITY,domains.list,domains.list,2021-09-04 06:14:40.858958,bef97e23eed1ccf466f8c83a
rejbqhagczm.com,AVAILABILITY,domains.list,domains.list,2021-09-04 06:14:41.573881,bef97e23eed1ccf466f8c83a
rfbrceyxthpj.bid,AVAILABILITY,domains.list,domains.list,2021-09-04 06:14:42.577138,bef97e23eed1ccf466f8c83a
rfdxyhjsf.com,AVAILABILITY,domains.list,domains.list,2021-09-04 06:14:43.062326,bef97e23eed1ccf466f8c83a
rfmdtsiekds.com,AVAILABILITY,domains.list,domains.list,2021-09-04 06:14:43.543043,bef97e23eed1ccf466f8c83a
rgahmllbgubakm.com,AVAILABILITY,domains.list,domains.list,2021-09-04 06:14:44.330900,bef97e23eed1ccf466f8c83a
rgdhiucvbtkpou.com,AVAILABILITY,domains.list,domains.list,2021-09-04 06:14:44.790889,bef97e23eed1ccf466f8c83a
rgttoipdr.com,AVAILABILITY,domains.list,domains.list,2021-09-04 06:14:46.181331,bef97e23eed1ccf466f8c83a
rhkwknlpkiqb.com,AVAILABILITY,domains.list,domains.list,2021-09-04 06:14:46.657240,bef97e23eed1ccf466f8c83a
rhqkduodhizrr.com,AVAILABILITY,domains.list,domains.list,2021-09-04 06:14:47.247784,bef97e23eed1ccf466f8c83a
rjtcrxzd.com,AVAILABILITY,domains.list,domains.list,2021-09-04 06:14:47.722856,bef97e23eed1ccf466f8c83a
rjzwheddxjuk.com,AVAILABILITY,domains.list,domains.list,2021-09-04 06:14:48.167586,bef97e23eed1ccf466f8c83a
rkauzlyh.com,AVAILABILITY,domains.list,domains.list,2021-09-04 06:14:48.639301,bef97e23eed1ccf466f8c83a
rkpecade.com,AVAILABILITY,domains.list,domains.list,2021-09-04 06:14:49.316598,bef97e23eed1ccf466f8c83a
rlcciwjyl.com,AVAILABILITY,domains.list,domains.list,2021-09-04 06:14:49.761989,bef97e23eed1ccf466f8c83a
rlomivunesqal.com,AVAILABILITY,domains.list,domains.list,2021-09-04 06:14:50.344050,bef97e23eed1ccf466f8c83a
rmtwnrwnhu.com,AVAILABILITY,domains.list,domains.list,2021-09-04 06:14:50.965304,bef97e23eed1ccf466f8c83a
rnxffkxddyobny.com,AVAILABILITY,domains.list,domains.list,2021-09-04 06:14:51.443844,bef97e23eed1ccf466f8c83a
rpqknedxr.com,AVAILABILITY,domains.list,domains.list,2021-09-04 06:14:51.903307,bef97e23eed1ccf466f8c83a
rrriyoomil.com,AVAILABILITY,domains.list,domains.list,2021-09-04 06:14:52.376393,bef97e23eed1ccf466f8c83a
rsviqjzhvubz.com,AVAILABILITY,domains.list,domains.list,2021-09-04 06:14:52.869651,bef97e23eed1ccf466f8c83a
rtrlseqbudrzfd.com,AVAILABILITY,domains.list,domains.list,2021-09-04 06:14:53.326623,bef97e23eed1ccf466f8c83a
ruuwkftrtegqj.com,AVAILABILITY,domains.list,domains.list,2021-09-04 06:14:53.962811,bef97e23eed1ccf466f8c83a
rvqfpfgzmw.com,AVAILABILITY,domains.list,domains.list,2021-09-04 06:14:54.427130,bef97e23eed1ccf466f8c83a
rvwhtjxnn.com,AVAILABILITY,domains.list,domains.list,2021-09-04 06:14:54.893929,bef97e23eed1ccf466f8c83a
rvwtpwmtnfj.com,AVAILABILITY,domains.list,domains.list,2021-09-04 06:14:55.409603,bef97e23eed1ccf466f8c83a
rwlfznyvivh.com,AVAILABILITY,domains.list,domains.list,2021-09-04 06:14:55.960646,bef97e23eed1ccf466f8c83a
rynotnfdekb.com,AVAILABILITY,domains.list,domains.list,2021-09-04 06:14:56.615004,bef97e23eed1ccf466f8c83a
ryquhezrbhfp.com,AVAILABILITY,domains.list,domains.list,2021-09-04 06:14:57.210719,bef97e23eed1ccf466f8c83a
rzajohyjxff.com,AVAILABILITY,domains.list,domains.list,2021-09-04 06:14:57.673061,bef97e23eed1ccf466f8c83a
rzbozucqgmostr.com,AVAILABILITY,domains.list,domains.list,2021-09-04 06:14:58.121049,bef97e23eed1ccf466f8c83a
rzrkrotgh.com,AVAILABILITY,domains.list,domains.list,2021-09-04 06:14:58.590391,bef97e23eed1ccf466f8c83a
scswlgxttvekd.com,AVAILABILITY,domains.list,domains.list,2021-09-04 06:14:59.222572,bef97e23eed1ccf466f8c83a
sczcxmaizy.com,AVAILABILITY,domains.list,domains.list,2021-09-04 06:14:59.701861,bef97e23eed1ccf466f8c83a
sddlcnqhyl.com,AVAILABILITY,domains.list,domains.list,2021-09-04 06:15:00.184703,bef97e23eed1ccf466f8c83a
sebeagnjowtg.com,AVAILABILITY,domains.list,domains.list,2021-09-04 06:15:00.655750,bef97e23eed1ccf466f8c83a
sempcxjajh.com,AVAILABILITY,domains.list,domains.list,2021-09-04 06:15:01.316339,bef97e23eed1ccf466f8c83a
sfawiner.com,AVAILABILITY,domains.list,domains.list,2021-09-04 06:15:01.800245,bef97e23eed1ccf466f8c83a
sgvuexlhbgpylr.com,AVAILABILITY,domains.list,domains.list,2021-09-04 06:15:02.364949,bef97e23eed1ccf466f8c83a
sgzzlojrhivs.com,AVAILABILITY,domains.list,domains.list,2021-09-04 06:15:02.823628,bef97e23eed1ccf466f8c83a
shfutnjqshzw.com,AVAILABILITY,domains.list,domains.list,2021-09-04 06:15:03.293527,bef97e23eed1ccf466f8c83a
shoizifjwosvk.com,AVAILABILITY,domains.list,domains.list,2021-09-04 06:15:03.944912,bef97e23eed1ccf466f8c83a
shparxvyhrwgsl.com,AVAILABILITY,domains.list,domains.list,2021-09-04 06:15:04.446599,bef97e23eed1ccf466f8c83a
sigrjorpzhte.com,AVAILABILITY,domains.list,domains.list,2021-09-04 06:15:04.906796,bef97e23eed1ccf466f8c83a
sinyfqrmiqgd.com,AVAILABILITY,domains.list,domains.list,2021-09-04 06:15:05.363645,bef97e23eed1ccf466f8c83a
sjgcswrvltrx.com,AVAILABILITY,domains.list,domains.list,2021-09-04 06:15:05.838719,bef97e23eed1ccf466f8c83a
sknkwpvrkz.com,AVAILABILITY,domains.list,domains.list,2021-09-04 06:15:06.296184,bef97e23eed1ccf466f8c83a
snwpqybkb.com,AVAILABILITY,domains.list,domains.list,2021-09-04 06:15:06.767917,bef97e23eed1ccf466f8c83a
spuobvix.com,AVAILABILITY,domains.list,domains.list,2021-09-04 06:15:07.233047,bef97e23eed1ccf466f8c83a
sqpgncbm.com,AVAILABILITY,domains.list,domains.list,2021-09-04 06:15:07.675030,bef97e23eed1ccf466f8c83a
sufzmohljbgw.com,AVAILABILITY,domains.list,domains.list,2021-09-04 06:15:08.170480,bef97e23eed1ccf466f8c83a
svclqyctlijue.com,AVAILABILITY,domains.list,domains.list,2021-09-04 06:15:08.632475,bef97e23eed1ccf466f8c83a
svuyfmzsxmjwa.com,AVAILABILITY,domains.list,domains.list,2021-09-04 06:15:09.120946,bef97e23eed1ccf466f8c83a
swstkrihg.com,AVAILABILITY,domains.list,domains.list,2021-09-04 06:15:09.604153,bef97e23eed1ccf466f8c83a
sxzemwijeyqxg.com,AVAILABILITY,domains.list,domains.list,2021-09-04 06:15:10.087511,bef97e23eed1ccf466f8c83a
syxcwxur.com,AVAILABILITY,domains.list,domains.list,2021-09-04 06:15:10.658475,bef97e23eed1ccf466f8c83a
sznxdqqvjgam.com,AVAILABILITY,domains.list,domains.list,2021-09-04 06:15:11.210068,bef97e23eed1ccf466f8c83a
taljnpgg.com,AVAILABILITY,domains.list,domains.list,2021-09-04 06:15:11.668905,bef97e23eed1ccf466f8c83a
tamhdxkh.com,AVAILABILITY,domains.list,domains.list,2021-09-04 06:15:12.136597,bef97e23eed1ccf466f8c83a
taozgpkjzpdtgr.com,AVAILABILITY,domains.list,domains.list,2021-09-04 06:15:12.612450,bef97e23eed1ccf466f8c83a
tchmemnasaxpt.com,AVAILABILITY,domains.list,domains.list,2021-09-04 06:15:33.149216,bef97e23eed1ccf466f8c83a
tddjcdzra.com,AVAILABILITY,domains.list,domains.list,2021-09-04 06:15:33.634751,bef97e23eed1ccf466f8c83a
tdeilxkjxgdedb.com,AVAILABILITY,domains.list,domains.list,2021-09-04 06:15:34.143065,bef97e23eed1ccf466f8c83a
teasfwda.com,AVAILABILITY,domains.list,domains.list,2021-09-04 06:15:34.704183,bef97e23eed1ccf466f8c83a
teqhllxidowmi.com,AVAILABILITY,domains.list,domains.list,2021-09-04 06:15:35.190692,bef97e23eed1ccf466f8c83a
tfjqjhcwlfhicn.com,AVAILABILITY,domains.list,domains.list,2021-09-04 06:15:35.645469,bef97e23eed1ccf466f8c83a
tfqexqeldxjvet.com,AVAILABILITY,domains.list,domains.list,2021-09-04 06:15:56.207234,bef97e23eed1ccf466f8c83a
